datetime,totalValueLockedUSD,totalBorrowBalanceUSD,totalDepositBalanceUSD,borrowerStableRate,borrowerVariableRate,lenderVariableRate,market,dailyDepositUSD,dailyWithdrawUSD,inputTokenPriceUSD,blockNumber,maximumLTV,totalCollateralBalanceUSD
2023-11-03,75427887.58438466,18790493.59498152,75427887.58438466,12.87514492691098,3.87514492691098,0.8205580268922421,Aave Ethereum rETH,2906133.806628216,818450.7459007059,1957.48933592,18490483,74.5,25222139.053666472
2023-11-02,73365292.3579312,17269213.532711405,73365292.3579312,12.661542593092385,3.661542593092384,0.7325910023705512,Aave Ethereum rETH,299184.87461423903,3705421.443793477,1958.17489727,18487824,74.5,23180152.392901216
2023-11-01,77436984.29863676,5194669.40321154,77436984.29863676,10.043500505056747,1.0435005050567463,0.0595002412572192,Aave Ethereum rETH,68242.23324589444,22350.191920479363,1975.44505899,18478966,74.5,6972710.608337638
2023-10-31,77066884.65010093,5172768.244383577,77066884.65010093,10.04409140015444,1.0440914001544415,0.0595676458346781,Aave Ethereum rETH,2119186.6980455606,1285535.5845659128,1967.17077156,18472059,74.5,6943313.0797095
2023-10-30,76668539.54347363,5202343.829910114,76668539.54347363,10.055517118675423,1.0555171186754257,0.0608785026199934,Aave Ethereum rETH,1803349.5026710848,5401735.864469722,1978.4822943,18464010,74.5,6983011.852228342
2023-10-29,79318679.91686279,5140976.289691155,79318679.91686279,10.00821632970328,1.0082163297032813,0.0555444734373194,Aave Ethereum rETH,311668.8459563455,4885.546416975,1955.18551482,18458548,74.5,6900639.315021684
2023-10-28,78448399.43109578,5133374.442282034,78448399.43109578,10.017894076311135,1.0178940763111357,0.0566159205857725,Aave Ethereum rETH,222056.68827267416,15139.371015932233,1941.26693241,18450522,74.5,6890435.492996018
2023-10-27,77543362.65934609,5087437.631853498,77543362.65934609,10.02055945851498,1.0205594585149815,0.0569128093141971,Aave Ethereum rETH,60047.68331689659,0.0,1923.94867358,18443413,74.5,6828775.3447697945
2023-10-26,77746543.75889699,5752383.684044152,77746543.75889699,10.150934886793484,1.1509348867934845,0.072382721566666,Aave Ethereum rETH,0.0,1551.3379540035069,1930.46912622,18435950,74.5,7721320.381267318
2023-10-25,78038705.05543473,5851141.642858072,78038705.05543473,10.16631181198584,1.166311811985839,0.0743297629089238,Aave Ethereum rETH,2291727.63364273,1988894.679017092,1937.64632994,18430564,74.5,7853881.399809494
2023-10-24,77910265.71740468,5861917.672128423,77910265.71740468,10.170386513485392,1.1703865134853932,0.0748500365768284,Aave Ethereum rETH,954850.7906352823,74122.5327897752,1941.28133131,18422974,74.5,7868345.868628756
2023-10-23,76050608.77382343,5802843.318010565,76050608.77382343,10.186923052811892,1.1869230528118937,0.0769801103551195,Aave Ethereum rETH,524086.77760320925,65103.38786735,1916.33075737,18416244,74.5,7789051.433571229
2023-10-22,71241850.47306171,5587561.391292148,71241850.47306171,10.220033304655585,1.2200333046555865,0.0813348690941897,Aave Ethereum rETH,1901940.7837237783,1488134.3770148405,1806.5318451,18409265,74.5,7500082.404418991
2023-10-21,69498459.75774555,5483023.235922929,69498459.75774555,10.227240409853723,1.2272404098537224,0.0822986466455084,Aave Ethereum rETH,1750355.3813281665,1541704.356891318,1772.79404406,18401973,74.5,7359762.732782455
2023-10-20,68221425.66886978,5586625.66266977,68221425.66886978,10.273836546986908,1.273836546986909,0.0886667538968744,Aave Ethereum rETH,3110372.978360147,2693083.4748617834,1745.47589994,18394418,74.5,7498826.392845329
2023-10-19,66234462.88805249,5468817.832613569,66234462.88805249,10.284383005223663,1.284383005223663,0.0901410266887241,Aave Ethereum rETH,1067615.9151761448,900466.776356792,1705.22214516,18387114,74.5,7340695.077333649
2023-10-18,65671715.06767983,5418944.231303953,65671715.06767983,10.283576090669605,1.2835760906696068,0.0900277999365774,Aave Ethereum rETH,2345632.291781616,107996.85515644035,1695.01438257,18380170,74.5,7273750.646045574
2023-10-17,63523164.01112711,5424934.613966291,63523164.01112711,10.32845811827048,1.3284581182704795,0.0964337673985028,Aave Ethereum rETH,165215.88035256593,46700.9592234368,1696.94382752,18373306,74.5,7281791.428142672
2023-10-16,64541746.2525088,5522150.726925681,64541746.2525088,10.330919669061227,1.3309196690612293,0.0967914701144964,Aave Ethereum rETH,47482.97928240629,1027428.5104396024,1727.32302881,18365416,74.5,7412282.854933801
2023-10-15,64323330.43609729,5419263.639511684,64323330.43609729,10.310558038813213,1.3105580388132125,0.0938525153871371,Aave Ethereum rETH,409622.9681900142,3291.250396625519,1695.19710949,18358796,74.5,7274179.381894877
2023-10-14,63707733.64643535,5401436.490396978,63707733.64643535,10.318869478445672,1.318869478445672,0.0950466983142359,Aave Ethereum rETH,657420.9238409409,14319.395226103592,1689.68303014,18351443,74.5,7250250.322680509
2023-10-13,62748773.6608341,5374355.037894216,62748773.6608341,10.332312174723448,1.3323121747234488,0.0969941167250707,Aave Ethereum rETH,71651.87389229824,874338.6583034317,1681.27026428,18344583,74.5,7213899.379723781
2023-10-12,62853566.45191485,5311096.852113957,62853566.45191485,10.314435921440792,1.314435921440792,0.0944087478967169,Aave Ethereum rETH,789154.3626731383,332222.632012,1662.59331081,18336364,74.5,7128989.0632402105
2023-10-11,63828592.80065188,5421881.485784111,63828592.80065188,10.321356597758012,1.321356597758012,0.0954055137646822,Aave Ethereum rETH,2019276.9475795089,30765.178779389036,1700.30520968,18330379,74.5,7277693.269508873
2023-10-10,61958835.958555125,5441364.906033338,61958835.958555125,10.36612389136542,1.3661238913654201,0.1019796630155671,Aave Ethereum rETH,1793239.5098656353,1443014.4860008995,1704.01845592,18323453,74.5,7303845.5114541445
2023-10-09,61964527.91348537,5471176.421962117,61964527.91348537,10.37347807505468,1.3734780750546793,0.1030805819522692,Aave Ethereum rETH,875230.4080469229,174876.03383151456,1713.41859294,18316157,74.5,7343860.969076667
2023-10-08,63492429.69761298,5668958.859573659,63492429.69761298,10.388883294748272,1.3888832947482737,0.105405896922827,Aave Ethereum rETH,26999.383892377806,1155.5005639166873,1775.43599444,18307910,74.5,7609340.751105582
2023-10-07,63501666.77894632,5671896.465881013,63501666.77894632,10.389401578693125,1.3894015786931244,0.1054845793828096,Aave Ethereum rETH,162810.2234277764,60504.49129195656,1776.42398788,18300726,74.5,7613283.846820151
2023-10-06,63912148.46160754,5717535.479995212,63912148.46160754,10.391586785551995,1.3915867855519957,0.1058166459298604,Aave Ethereum rETH,1444545.4487137464,101473.67166676425,1790.78810316,18293382,74.5,7674544.268449949
2023-10-05,61236930.5005553,5693659.286797823,61236930.5005553,10.446315750813552,1.446315750813552,0.1143035269324498,Aave Ethereum rETH,1412291.2497313637,34491.97632413555,1753.05326521,18286638,74.5,7642495.686976945
2023-10-04,60881727.433544904,5770819.543840352,60881727.433544904,10.47446956090613,1.474469560906131,0.1187968765585442,Aave Ethereum rETH,148662.5768921387,329970.249759223,1782.36752827,18279714,74.5,7746066.501799131
2023-10-03,61575237.39842032,5783246.1816052515,61575237.39842032,10.46099758832576,1.460997588325761,0.1166359410083338,Aave Ethereum rETH,218841.58544152544,26881.797738704856,1797.37869566,18273053,74.5,7762746.55249027
2023-10-02,61555886.5795726,5799223.216878225,61555886.5795726,10.46549508651456,1.4654950865145604,0.1173551445841224,Aave Ethereum rETH,368345.9039062127,1871.466440238246,1802.40965677,18266252,74.5,7784192.237420437
2023-10-01,63783366.974768065,6046212.78986295,63783366.974768065,10.474552913042892,1.474552913042891,0.1188103081730647,Aave Ethereum rETH,248125.63040895047,0.0,1878.66695109,18259024,74.5,8115721.865587853
2023-09-30,61624550.46606324,5862452.74130528,61624550.46606324,10.47982460005452,1.4798246000545214,0.1196613462784851,Aave Ethereum rETH,261589.048717203,214730.94209952597,1822.22410953,18250988,74.5,7869064.0822889665
2023-09-29,61133333.28295108,5820069.372105586,61133333.28295108,10.480931478381889,1.4809314783818872,0.1198404216715505,Aave Ethereum rETH,69564.66256632702,7829.612115781098,1809.11664938,18244488,74.5,7812173.653833002
2023-09-28,60470382.85765958,5720846.822855407,60470382.85765958,10.47164386855036,1.4716438685503617,0.1183419851442167,Aave Ethereum rETH,572723.286205322,0.0,1791.32162605,18237451,74.5,7678989.0239669895
2023-09-27,57873608.21302098,5528112.6068529645,57873608.21302098,10.485873016271205,1.4858730162712048,0.1206415174763864,Aave Ethereum rETH,36865.31785764329,86467.6479031332,1731.05299085,18230250,74.5,7420285.378326126
2023-09-26,57630333.03087284,5499979.221293382,57630333.03087284,10.48454532169963,1.4845453216996303,0.120426016522707,Aave Ethereum rETH,19676.780795679595,409605.15896964376,1722.31100695,18223357,74.5,7382522.444689103
2023-09-25,57650237.99443687,5498812.988010062,57650237.99443687,10.483719496688217,1.4837194966882175,0.1202920722723103,Aave Ethereum rETH,504517.3228426013,38.054311756731295,1711.33181221,18211952,74.5,7380957.03088599
2023-09-24,57585509.26644588,5541081.788816926,57585509.26644588,10.49680565059724,1.4968056505972391,0.1224233410056975,Aave Ethereum rETH,132935.92033116732,407964.4350301201,1724.51991698,18208587,74.5,7437693.676264331
2023-09-23,57967671.84131256,5551344.336203541,57967671.84131256,10.48969250210986,1.48969250210986,0.1212625406710276,Aave Ethereum rETH,87138.47311120517,21190.68532681512,1727.73150319,18201568,74.5,7451468.90765576
2023-09-22,57899551.741817534,5550921.209020872,57899551.741817534,10.491332376416194,1.4913323764161943,0.1215296626117563,Aave Ethereum rETH,12306.55238089517,643245.7517774953,1727.67246235,18194213,74.5,7450900.951705868
2023-09-21,58458600.32480758,5515515.251823652,58458600.32480758,10.467650151907,1.4676501519069995,0.1177005486300263,Aave Ethereum rETH,38891.83764784629,0.0,1725.5843784,18186432,74.5,7403376.176944499
2023-09-20,59567787.17618469,5641343.421051137,59567787.17618469,10.473181151397789,1.4731811513977893,0.1185893549426995,Aave Ethereum rETH,3291.830747195055,155495.9200807006,1759.49884829,18180238,74.5,7572273.048390789
2023-09-19,60510993.350495405,5604952.3554748,60510993.350495405,10.440863993267063,1.440863993267064,0.1134434372161811,Aave Ethereum rETH,180441.97851924147,15272.438932166917,1782.83778943,18172407,74.5,7523425.980503087
2023-09-18,60239794.52730573,5624907.244698053,60239794.52730573,10.45249922076672,1.4524992207667204,0.1152829856814905,Aave Ethereum rETH,55136.82510783836,0.0,1779.70211023,18165939,74.5,7550211.066708797
2023-09-17,59677455.88623982,5577202.786874145,59677455.88623982,10.453752758099917,1.4537527580999152,0.1154820548205414,Aave Ethereum rETH,2911.8708403049177,187364.3879838535,1764.72251994,18154451,67.0,8324183.263991261
2023-09-16,60169029.91045503,5605716.161951958,60169029.91045503,10.4492476269079,1.4492476269079015,0.1147674138096508,Aave Ethereum rETH,87853.80698573923,0.0,1773.76905752,18152020,67.0,8366740.540226803
2023-09-15,60296781.20709741,5625627.704192516,60296781.20709741,10.451314719000658,1.4513147190006588,0.1150950375996279,Aave Ethereum rETH,296299.8975282898,0.0,1780.1395424,18145010,67.0,8396459.25998883
2023-09-14,59325489.197096966,5298337.454763768,59325489.197096966,10.389259453230972,1.3892594532309723,0.1054629999085421,Aave Ethereum rETH,1724.8054430471611,1192.8433310188063,1760.2196273,18134561,67.0,7907966.350393685
2023-09-13,58383551.35632629,5211963.348459877,58383551.35632629,10.388660480484752,1.388660480484752,0.1053720797497149,Aave Ethereum rETH,1596.2321387271809,43262.95607898576,1732.29091692,18129446,67.0,7779049.773820712
2023-09-12,58385163.960047,5208101.089775434,58385163.960047,10.387593699814593,1.387593699814592,0.105210246497167,Aave Ethereum rETH,783765.7739570813,318171.01316399325,1731.10865413,18123445,67.0,7773285.208620051
2023-09-11,56399600.670772545,5071381.241921847,56399600.670772545,10.398731461668138,1.398731461668138,0.1069060015659371,Aave Ethereum rETH,1012622.1758514562,1792796.4727527515,1685.74055205,18115034,67.0,7569225.734211711
2023-09-10,59236750.618176594,5257708.311439736,59236750.618176594,10.380669227663711,1.3806692276637125,0.1041628107075998,Aave Ethereum rETH,79482.84415843367,14790.862726903359,1747.75282777,18106835,67.0,7847325.837969755
2023-09-09,59907548.02002329,5322875.750715947,59907548.02002329,10.382131388974642,1.3821313889746425,0.1043835492812547,Aave Ethereum rETH,13810.958399416068,10640.78750231426,1769.46532537,18101535,67.0,7944590.6727103675
2023-09-08,59850498.619084865,5300174.997511279,59850498.619084865,10.377549647327,1.3775496473270017,0.1036926370429158,Aave Ethereum rETH,49113.296066745825,47948.65662054135,1767.88075715,18092422,67.0,7910708.951509371
2023-09-07,60599749.65398968,5387988.14268186,60599749.65398968,10.383059200718952,1.383059200718953,0.1045237397007437,Aave Ethereum rETH,3933878.023264515,1299198.5290796906,1790.04851425,18087676,67.0,8041773.347286359
2023-09-06,57168214.757724755,4748180.491683022,57168214.757724755,10.291985876153744,1.2919858761537442,0.0912113600498771,Aave Ethereum rETH,1227509.931797631,180801.842489486,1766.29313355,18080524,67.0,7086836.55475078
2023-09-05,56114739.01109948,4747505.753796457,56114739.01109948,10.316054622471764,1.3160546224717633,0.0946414159669222,Aave Ethereum rETH,13937.16787894252,1738.97936108518,1766.10366844,18073600,67.0,7085829.483278295
2023-09-04,55799259.14448073,4759558.731299276,55799259.14448073,10.326850744088652,1.326850744088652,0.0962005475909133,Aave Ethereum rETH,496828.6758595129,106364.7658026,1756.56649143,18066492,67.0,7103819.001939219
2023-09-03,55842344.41149873,4796376.681977814,55842344.41149873,10.336083660346484,1.3360836603464847,0.0975440324139513,Aave Ethereum rETH,577427.7999317195,164222.08894035945,1770.22092685,18059131,67.0,7158771.167131065
2023-09-02,55380997.4819846,5229635.992653036,55380997.4819846,10.468909201471,1.4689092014710012,0.1179025782326517,Aave Ethereum rETH,385351.046734432,12480.210811323355,1768.71601674,18051306,67.0,7805426.854706023
2023-09-01,54739323.58780019,5112036.670531929,54739323.58780019,10.452710327340444,1.452710327340444,0.115316498628472,Aave Ethereum rETH,262826.599772998,37173.66839206498,1760.11133097,18044571,67.0,7629905.478405864
2023-08-31,55538243.16833539,1056845.4336879747,55538243.16833539,9.296008298592787,0.2960082985927883,0.0047878570228132,Aave Ethereum rETH,28718.60046544,21282.879384658874,1793.23156607,18036985,67.0,1577381.24431041
2023-08-30,57005067.84997295,1075700.7966159205,57005067.84997295,9.293536818717728,0.2935368187177297,0.0047082397083098,Aave Ethereum rETH,7437.814452050953,34501.93338867452,1840.85875413,18029101,67.0,1605523.5770386872
2023-08-29,58228602.57819279,1098265.4421594092,58228602.57819279,9.293396899348323,0.2933968993483238,0.0047037522513297,Aave Ethereum rETH,140259.7057894428,535074.3716369681,1879.48742455,18022705,67.0,1639202.15247673
2023-08-28,55568367.46577801,1042400.999949678,55568367.46577801,9.291804353253584,0.2918043532535855,0.0046528272958553,Aave Ethereum rETH,89.252287245,14679.759823135386,1780.8485069,18015966,67.0,1555822.387984594
2023-08-27,55863133.28401506,1065519.6407369573,55863133.28401506,9.296702198784953,0.2967021987849515,0.0048103306424519,Aave Ethereum rETH,12927.250157706369,0.0,1789.75803618,18008271,67.0,1590327.8219954588
2023-08-26,55586872.78773749,961111.2769625315,55586872.78773749,9.268958971832824,0.2689589718328245,0.0039528057374977,Aave Ethereum rETH,65780.04610566047,43875.043655262,1781.31997048,18001529,67.0,1434494.443227659
2023-08-25,55662663.23016284,1035028.399800353,55662663.23016284,9.289249687451951,0.2892496874519513,0.0045717154995467,Aave Ethereum rETH,268232.3388206908,132.9379639913044,1784.44761987,17994786,67.0,1544818.507164706
2023-08-24,55514840.771791145,1248470.4832017145,55514840.771791145,9.349827386210372,0.3498273862103721,0.0066871491506591,Aave Ethereum rETH,1358597.8982901045,59649.72455434375,1788.35443448,17987615,67.0,1863388.7808980814
2023-08-23,54930976.49835339,5050005.916858597,54930976.49835339,10.43007658915438,1.4300765891543803,0.1117511481355915,Aave Ethereum rETH,494300.13586498186,4387.750463736654,1811.40408521,17980642,67.0,7537322.263968055
2023-08-22,56497284.85505148,8288609.626491365,56497284.85505148,11.282123755519075,2.282123755519077,0.2845848542257815,Aave Ethereum rETH,27565.58302445806,889483.1198662051,1761.5287481,17973522,67.0,12371059.144016962
2023-08-21,58693971.81370351,8511326.726411367,58693971.81370351,11.255729147645663,2.255729147645664,0.2780400143190534,Aave Ethereum rETH,293677.2845602989,59612.17657949409,1802.47262291,17966534,67.0,12703472.725987114
2023-08-20,59030424.14962573,8710305.479815396,59030424.14962573,11.295309571399343,2.2953095713993448,0.2878829437033175,Aave Ethereum rETH,39944.60870848766,33997.79514684132,1820.04729678,17959240,67.0,13000455.940022979
2023-08-19,58356580.84899248,8636495.628122877,58356580.84899248,11.302142014120044,2.302142014120044,0.2895993755485836,Aave Ethereum rETH,4223518.651854368,0.0,1799.47329015,17952085,67.0,12890291.982272951
2023-08-18,54220395.847868234,5005105.206131522,54220395.847868234,10.435936972556632,1.4359369725566322,0.1126689261931183,Aave Ethereum rETH,475136.282438986,103085.12631886566,1802.85904026,17944396,67.0,7470306.277808242
2023-08-17,54370108.68800579,4200639.698980475,54370108.68800579,10.201822327885264,1.2018223278852656,0.0789248810335516,Aave Ethereum rETH,223817.6397380148,60012.03997194601,1819.5243151,17937959,67.0,6269611.4910156345
2023-08-16,58735123.43269004,4701702.416332396,58735123.43269004,10.24520970351087,1.245209703510871,0.0847263294552848,Aave Ethereum rETH,12944.932482551205,40165.27455945599,1969.64385554,17929214,67.0,7017466.293033427
2023-08-15,58897982.33361002,4728406.549935564,58897982.33361002,10.248819788382972,1.2488197883829717,0.0852183150607515,Aave Ethereum rETH,29474.572744079127,0.0,1974.19388696,17923065,67.0,7057323.208859051
2023-08-14,59649146.57803617,4790915.836922686,59649146.57803617,10.249392419604831,1.2493924196048323,0.0852964846355002,Aave Ethereum rETH,91788.34469443417,8973.792185360884,2000.37714284,17914235,67.0,7150620.652123411
2023-08-13,59474388.26232719,4783394.495654221,59474388.26232719,10.251096870208839,1.2510968702088385,0.0855293703331756,Aave Ethereum rETH,507.05924416113805,162012.24336452517,1997.29913246,17907716,67.0,7139394.769633166
2023-08-12,59629545.61971202,4757585.014184133,59629545.61971202,10.241108983412104,1.2411089834121047,0.0841692074400189,Aave Ethereum rETH,17241.945300698873,26958.50428679184,1997.08172249,17902199,67.0,7100873.155498707
2023-08-11,59465498.47404829,4742962.78534253,59465498.47404829,10.24070837096974,1.2407083709697408,0.0841148789480505,Aave Ethereum rETH,221074.75512553265,426417.59040226735,1991.26759292,17894167,67.0,7079048.93334706
2023-08-10,60033257.44446326,4771633.153154026,60033257.44446326,10.236404074452032,1.2364040744520337,0.0835322644300726,Aave Ethereum rETH,24363.929014664664,0.0,2003.39290168,17884859,67.0,7121840.527095561
2023-08-09,59921823.41314998,4772168.926630504,59921823.41314998,10.238842757622932,1.238842757622933,0.0838621074469869,Aave Ethereum rETH,75244.336995286,534355.7888152794,2000.49143461,17880438,67.0,7122640.189000753
2023-08-08,60506830.354199715,3378827.5149654862,60506830.354199715,9.8686545979596,0.8686545979596011,0.0412313585768295,Aave Ethereum rETH,168200.33892720717,122659.42389239265,2004.70369888,17873599,67.0,5043026.141739532
2023-08-07,59322664.73710041,738888.8161376163,59322664.73710041,9.193750992912568,0.1937509929125676,0.0020512626535552,Aave Ethereum rETH,2359356.6625277726,26723.351512993337,1967.01757708,17865536,67.0,1102819.1285636064
2023-08-06,57385787.63784504,742857.2876290175,57385787.63784504,9.20136618479952,0.2013661847995192,0.0022156771708033,Aave Ethereum rETH,38650.49143415769,0.0,1980.63011776,17854916,67.0,1108742.220341817
2023-08-05,57284760.29214022,742047.1489865063,57284760.29214022,9.201501323667173,0.2015013236671719,0.0022186520950937,Aave Ethereum rETH,102356.2903998062,67281.46331449113,1978.47564142,17851294,67.0,1107533.0581888154
2023-08-04,57044384.387915134,739715.9998458084,57044384.387915134,9.201714734359092,0.2017147343590925,0.0022233541467166,Aave Ethereum rETH,545569.3151895511,0.0,1971.37688641,17844990,67.0,1104053.7311131468
2023-08-03,56774252.81884624,743295.8419493587,56774252.81884624,9.203655333573868,0.2036553335738691,0.0022663395423721,Aave Ethereum rETH,719665.8703075594,61459.82580441872,1980.92841672,17837771,67.0,1109396.7790288937
2023-08-02,56887062.665057726,753525.6584105483,56887062.665057726,9.206048784022212,0.2060487840222134,0.0023199226834807,Aave Ethereum rETH,0.0,413888.82336360344,2008.21078188,17825562,67.0,1124665.1618067885
2023-08-01,56904061.457420774,748330.803234303,56904061.457420774,9.204567143278782,0.2045671432787801,0.0022866787731121,Aave Ethereum rETH,1728639.136988785,2120916.9331205254,1994.37054899,17823032,67.0,1116911.6466183627
2023-07-31,57489947.15121995,710798.0689360392,57489947.15121995,9.192326810622609,0.192326810622607,0.0020212175424616,Aave Ethereum rETH,1387210.8086392863,3658610.1704335054,2001.01019266,17815971,67.0,1060892.6402030436
2023-07-30,59994009.303319514,711842.4426144072,59994009.303319514,9.184570163742364,0.1845701637423641,0.0018614715134336,Aave Ethereum rETH,82114.05232609094,176652.5559399831,2009.05083552,17808796,67.0,1062451.4068871748
2023-07-29,60640930.123934746,781638.7051403434,60640930.123934746,9.20050523292968,0.2005052329296815,0.0021967711821873,Aave Ethereum rETH,37738.88327229542,0.0,2027.49481807,17802055,67.0,1166624.9330452888
2023-07-28,60410824.343730554,778664.809302529,60410824.343730554,9.200503195879904,0.2005031958799056,0.0021967265458509,Aave Ethereum rETH,1131824.2419832202,104475.2326777404,2021.06215882,17794971,67.0,1162186.282541088
2023-07-27,59341879.9816864,778156.1938377422,59341879.9816864,9.203981602861052,0.203981602861053,0.0022736070102793,Aave Ethereum rETH,0.0,0.0,2019.7632993,17781445,67.0,1161427.1549817047
2023-07-26,59280775.4893894,776742.3077917196,59280775.4893894,9.203820849635504,0.2038208496355053,0.0022700248671998,Aave Ethereum rETH,42118.98751933288,4631.53980232304,2017.68355744,17780657,67.0,1159316.877301074
2023-07-25,58946440.473535694,851532.3109902466,58946440.473535694,9.22471340271026,0.2247134027102604,0.0027592519084702,Aave Ethereum rETH,89042.94645205456,131841.13395058445,2007.57727654,17770775,67.0,1270943.7477466366
2023-07-24,58610000.65031825,846046.9648393431,58610000.65031825,9.224547477688873,0.2245474776888739,0.0027551786320266,Aave Ethereum rETH,258689.79716910183,292.91059436534425,1994.6577695,17763336,67.0,1262756.6639393182
2023-07-23,59135126.32495423,857325.0244966475,59135126.32495423,9.225520182015407,0.2255201820154063,0.0027791003328315,Aave Ethereum rETH,2020.52204557,0.0,2021.26138285,17755178,67.0,1279589.5888009665
2023-07-22,59517772.184373274,875133.7860228022,59517772.184373274,9.228724785631346,0.228724785631346,0.0028586425775007,Aave Ethereum rETH,2048510.11542085,7554.110680082144,2034.35757523,17751131,67.0,1306169.8298847794
2023-07-21,57544655.07509358,965735.3944321612,57544655.07509358,9.26105896193964,0.2610589619396415,0.003724008066492,Aave Ethereum rETH,94966.93563413112,57149.465140628155,2036.76313024,17743713,67.0,1441396.111092778
2023-07-20,57649756.39019101,957204.541090473,57649756.39019101,9.258281160967277,0.2582811609672768,0.003645178996758,Aave Ethereum rETH,904626.9885267181,511374.4069016124,2041.83130987,17737468,67.0,1428663.494164885
2023-07-19,57470386.51926802,975953.1341660963,57470386.51926802,9.264161979371698,0.264161979371698,0.0038130633413831,Aave Ethereum rETH,928771.9307035984,10439.487628512192,2049.29763005,17728567,67.0,1456646.4689046214
2023-07-18,56528733.721784025,975520.4999664589,56528733.721784025,9.268443330344835,0.2684433303448364,0.003937663823505,Aave Ethereum rETH,36772.07628066055,401552.4093551485,2048.40907394,17719140,67.0,1456000.7462185952
2023-07-17,57067094.97797951,976576.1993645005,57067094.97797951,9.26619865174443,0.2661986517444301,0.0038720869625552,Aave Ethereum rETH,55635.69742565509,32690.55834229636,2054.65384875,17714091,67.0,1457576.416961941
2023-07-16,57844530.87394029,1023618.9510896234,57844530.87394029,9.275271659802375,0.2752716598023742,0.0041405344512943,Aave Ethereum rETH,82391.84855213486,2390.275599627262,2083.47024451,17709042,67.0,1527789.4792382438
2023-07-15,57655052.173061036,1021674.558539945,57655052.173061036,9.275651718764152,0.2756517187641522,0.0041519757567206,Aave Ethereum rETH,1765740.1004545672,144668.8513528086,2079.52781495,17702169,67.0,1524887.4008058882
2023-07-14,55934968.46568013,936736.9265704784,55934968.46568013,9.260507209477085,0.2605072094770853,0.0037082831953569,Aave Ethereum rETH,0.0,94193.1432361424,2075.65322248,17694582,67.0,1398114.8157768333
2023-07-13,57710422.54019881,946158.998505801,57710422.54019881,9.255032413658611,0.2550324136586138,0.0035540551423323,Aave Ethereum rETH,2090547.083284724,871970.8666249522,2137.17619303,17687574,67.0,1412177.6097101506
2023-07-12,53182684.7244751,791677.8943841652,53182684.7244751,9.231560126954873,0.2315601269548728,0.0029299550487463,Aave Ethereum rETH,988022.0429951369,6075933.60055167,2015.92460113,17680240,67.0,1181608.7975883062
2023-07-11,58244158.66642634,692182.3177824545,58244158.66642634,9.184864554306872,0.1848645543068723,0.0018674143664925,Aave Ethereum rETH,9450433.039563566,2023856.9396332568,2015.32274072,17672158,67.0,1033107.936988738
2023-07-10,50550508.08534079,538259.2884197984,50550508.08534079,9.165634768278656,0.1656347682786573,0.0014991200352846,Aave Ethereum rETH,1405415.9095994877,1012465.5414340118,2005.00519878,17663056,67.0,803372.0722683558
2023-07-09,50186725.03778011,538690.6803533536,50186725.03778011,9.166969099035969,0.1669690990359698,0.0015233707303683,Aave Ethereum rETH,55894.61795243699,0.0,2006.1663454,17659167,67.0,804015.9408259009
2023-07-08,50001406.94822553,537297.126487912,50001406.94822553,9.167154393056848,0.1671543930568492,0.001526753728959,Aave Ethereum rETH,1006.463363955,1670.0861162258,2000.98709388,17650971,67.0,801936.0096834508
2023-07-07,50195284.82618792,544393.3887968452,50195284.82618792,9.168707901946457,0.1687079019464574,0.0015552644626478,Aave Ethereum rETH,194373.7315426586,55828.30633712536,2008.71937656,17643832,67.0,812527.4459654406
2023-07-06,50767686.73537032,772828.7072233206,50767686.73537032,9.236799826595393,0.2367998265953927,0.0030640521982029,Aave Ethereum rETH,3811209.293117413,0.0,2028.25546968,17637249,67.0,1153475.6824228666
2023-07-05,47545289.27561832,780566.6862024653,47545289.27561832,9.255380677569473,0.2553806775694743,0.00356376837243,Aave Ethereum rETH,61521.66819734034,13589615.278787605,2048.58095285,17628308,67.0,1165024.904779799
2023-07-04,62224234.97726081,796118.2896519016,62224234.97726081,9.19902313257414,0.1990231325741404,0.0021644148988723,Aave Ethereum rETH,26504.317186158023,4174.159147250479,2089.40386879,17623508,67.0,1188236.2532117933
2023-07-03,62802650.3356263,803801.2590282751,62802650.3356263,9.199093105772995,0.1990931057729976,0.0021659371104463,Aave Ethereum rETH,683159.8139810446,3698.346205285493,2109.58144528,17615022,67.0,1199703.3716839927
2023-07-02,60785053.638475895,559114.5292414436,60785053.638475895,9.143083477850556,0.1430834778505575,0.001118696746419,Aave Ethereum rETH,9767.93556611534,70853.63116875713,2064.27529627,17608900,67.0,834499.2973752889
2023-07-01,60974784.9184963,525681.9871337549,60974784.9184963,9.1341091268222,0.1341091268222011,0.0009827658779439,Aave Ethereum rETH,16005.513001459896,0.0,2068.63418747,17601758,67.0,784599.9807966491
2023-06-30,61067622.90600059,523592.84734331584,61067622.90600059,9.133373088476752,0.1333730884767511,0.0009720079470227,Aave Ethereum rETH,767590.8205251375,278561.3641066646,2072.32688993,17594606,67.0,781481.8617064416
2023-06-29,58065547.59748112,502104.96762050735,58065547.59748112,9.134512149466131,0.1345121494661309,0.0009886815386292,Aave Ethereum rETH,290490.5488795576,218081.07060267712,1987.28911463,17585765,67.0,749410.3994335931
2023-06-28,57977665.74450989,501950.850534412,57977665.74450989,9.134674692011773,0.1346746920117738,0.000991072399384,Aave Ethereum rETH,254925.32400108024,0.0,1986.68548421,17579590,67.0,749180.3739319582
2023-06-27,59400592.81339306,516534.1605747102,59400592.81339306,9.135267602955093,0.1352676029550919,0.0009998180837893,Aave Ethereum rETH,193654.16840980455,22594.25007678049,2044.41276947,17572441,67.0,770946.5083204629
2023-06-26,57670918.79648585,540996.6125274304,57670918.79648585,9.145922778125527,0.145922778125528,0.0011635353385387,Aave Ethereum rETH,32920.648588937394,0.0,1990.68005759,17566545,67.0,807457.6306379559
2023-06-25,59770354.55098829,519716.25295501103,59770354.55098829,9.135258910160594,0.1352589101605974,0.0009996895839316,Aave Ethereum rETH,124092.81371226576,0.0,2064.30511877,17556129,67.0,775695.8999328522
2023-06-24,58719922.359743595,1527736.5440939476,58719922.359743595,9.40471419150014,0.4047141915001392,0.008950149018088,Aave Ethereum rETH,0.0,0.0,2032.24496758,17547867,67.0,2280203.7971551456
2023-06-23,58982522.687597886,2044920.701025752,58982522.687597886,9.539310133182418,0.5393101331824207,0.0158931711508021,Aave Ethereum rETH,29427.605888797163,473210.95512036834,2041.33369694,17544664,67.0,3052120.4492921666
2023-06-22,58616408.585454546,2016878.2122321487,58616408.585454546,9.535236782014543,0.5352367820145445,0.0156539989863059,Aave Ethereum rETH,8056.814137965842,0.0,2013.36671274,17538354,67.0,3010265.988406192
2023-06-21,59169040.16955302,1527850.8186827162,59169040.16955302,9.401672349554977,0.4016723495549778,0.0088161155316941,Aave Ethereum rETH,104682.32172671148,58464.11391153165,2032.62855447,17529317,67.0,2280374.35624286
2023-06-20,55848297.172754735,1154953.38854832,55848297.172754735,9.321691837669075,0.3216918376690775,0.0056547509566803,Aave Ethereum rETH,723020.8826268277,0.0,1920.10301202,17524102,67.0,1723811.0276840595
2023-06-19,52939431.37747481,464135.0571463373,52939431.37747481,9.136379928267138,0.1363799282671385,0.0010163289927232,Aave Ethereum rETH,19357.47246352917,0.0,1843.97894513,17515983,67.0,692738.89126319
2023-06-18,53736296.99977478,465674.1827827679,53736296.99977478,9.134803070568465,0.1348030705684643,0.0009929627781096,Aave Ethereum rETH,1291004.063645388,7889.062324823951,1872.41841265,17508166,67.0,695036.0937056238
2023-06-17,51958314.14979283,461361.7873157344,51958314.14979283,9.138124884076818,0.1381248840768192,0.0010425028539246,Aave Ethereum rETH,1169426.1272502053,161232.27147250343,1855.08491695,17501926,67.0,688599.6825607975
2023-06-16,50660734.80608868,458687.5182372106,50660734.80608868,9.140841550035985,0.1408415500359842,0.0010839144139751,Aave Ethereum rETH,501478.7178303288,4483874.049740368,1844.34093806,17495801,67.0,684608.2361749412
2023-06-15,52404681.83028923,2024449.4744489207,52404681.83028923,9.600927777930032,0.6009277779300334,0.0197323113307332,Aave Ethereum rETH,369629.26882322016,6619.800991903156,1765.18242618,17486068,67.0,3021566.3797745085
2023-06-14,52315414.89065242,2031080.139043321,52315414.89065242,9.603924767497357,0.6039247674973556,0.0199296228906787,Aave Ethereum rETH,128685.89506961202,32636.581968215807,1774.47677532,17480990,67.0,3031462.8940945086
2023-06-13,55162699.734527856,2145254.8107822286,55162699.734527856,9.604949155359632,0.6049491553596338,0.0199972901883076,Aave Ethereum rETH,567038.7249300964,1877.564207950988,1874.26229802,17472856,67.0,3201872.851913774
2023-06-12,54514062.19954154,2141340.3368876446,54514062.19954154,9.611029876662938,0.6110298766629387,0.0204013210916904,Aave Ethereum rETH,14909.401054680831,99129.54027209568,1871.48813963,17467296,67.0,3196030.3535636486
2023-06-11,55463139.58034952,2175206.6217816263,55463139.58034952,9.610072442484796,0.6100724424847965,0.0203374367561225,Aave Ethereum rETH,50752.337348306406,1838.9263668417193,1901.12199945,17459382,67.0,3246577.047435263
2023-06-10,54618410.02342542,2143951.2628912968,54618410.02342542,9.610606238685737,0.6106062386857362,0.020373041694449,Aave Ethereum rETH,812677.0936240144,461523.1309861573,1873.83502422,17452573,67.0,3199927.258046712
2023-06-09,57090350.66816565,2255911.055487531,57090350.66816565,9.614673776474957,0.6146737764749554,0.0206453747419127,Aave Ethereum rETH,14066.495477520992,57811.15269094033,1971.72127066,17445700,67.0,3367031.4261007924
2023-06-08,57095510.79996272,2230681.859340116,57095510.79996272,9.607744696027966,0.6077446960279665,0.0201825368497033,Aave Ethereum rETH,9851.9925749,0.0,1970.39851498,17432212,67.0,3329375.9094628594
2023-06-07,56910273.752124175,2223826.3316450925,56910273.752124175,9.607848991807893,0.6078489918078929,0.0201894645417166,Aave Ethereum rETH,7.8573795938,12036.229379037148,1964.34489845,17431780,67.0,3319143.778574765
2023-06-06,58513271.79158216,2285953.9749382203,58513271.79158216,9.607713088249708,0.6077130882497088,0.0201804375847821,Aave Ethereum rETH,33413.55629573877,35650.111917754504,2019.25825448,17424418,67.0,3411871.604385404
2023-06-05,56195097.752269894,2393149.7098429813,56195097.752269894,9.662455556015031,0.6624555560150303,0.0239798738019154,Aave Ethereum rETH,51732.331821333726,44549.199656782584,1939.22222701,17417599,67.0,3571865.2385716136
2023-06-04,58897539.95510044,2508431.300075345,58897539.95510044,9.662506915994127,0.6625069159941288,0.0239835922507957,Aave Ethereum rETH,273096.9022383832,144970.4694204819,2032.67448834,17410496,67.0,3743927.313545292
2023-06-03,58688892.92760212,2504898.819968819,58688892.92760212,9.66392600836474,0.6639260083647398,0.02408644818615,Aave Ethereum rETH,1115185.5591746091,1065796.8500608723,2029.84911867,17403367,67.0,3738654.9551773425
2023-06-02,59147909.34938217,683282.5988467116,59147909.34938217,9.17969930020925,0.1796993002092518,0.0017645183178005,Aave Ethereum rETH,3317419.397748975,73050.09690739095,2047.43394783,17395502,67.0,1019824.774398077
2023-06-01,54907959.21814675,671489.1385308892,54907959.21814675,9.190234425964913,0.1902344259649146,0.0019774778334988,Aave Ethereum rETH,1052300.3603508505,0.0,2012.10701061,17387379,67.0,1002222.5948222227
2023-05-31,53562307.73980384,667923.6603493766,53562307.73980384,9.193978220802006,0.1939782208020049,0.0020560768472369,Aave Ethereum rETH,13892647.23786697,347126.3252099616,2001.43178143,17381555,67.0,996900.9855960845
2023-05-30,40944020.66223188,589963.2698594431,40944020.66223188,9.224140268374189,0.2241402683741875,0.0027451948449102,Aave Ethereum rETH,2163.85290420698,0.0,2047.28374744,17369107,67.0,880542.1938200643
2023-05-29,40834312.13165448,588411.381286398,40834312.13165448,9.224151280976313,0.2241512809763119,0.0027454646088529,Aave Ethereum rETH,9953.980132671828,13740.239098127788,2041.90610646,17364746,67.0,878225.9422185045
2023-05-28,39474652.93919531,568763.0727473026,39474652.93919531,9.22412922083532,0.2241292208353197,0.0027449242384764,Aave Ethereum rETH,1969.4411420874565,1980.129267279396,1973.73317563,17358476,67.0,848900.1085780635
2023-05-27,39168696.34287609,564350.6140533678,39168696.34287609,9.22412757984204,0.2241275798420397,0.0027448840439339,Aave Ethereum rETH,81019.41381526142,47111.85017960559,1958.43530419,17349984,67.0,842314.3493333848
2023-05-26,39245363.16758968,565353.2624334613,39245363.16758968,9.224087158721765,0.224087158721766,0.0027438940606111,Aave Ethereum rETH,406946.36372312024,259564.69014281448,1963.96573333,17346222,67.0,843810.8394529272
2023-05-25,38125864.6579396,548786.37322984,38125864.6579396,9.223907708907932,0.2239077089079331,0.0027395011794947,Aave Ethereum rETH,330739.34519527806,2790.315216756805,1906.43317511,17334864,67.0,819084.1391490148
2023-05-24,38226652.42151146,547308.6445125305,38226652.42151146,9.222716026944733,0.2227160269447318,0.0027104184231004,Aave Ethereum rETH,628453.142583283,1986.472958608941,1927.94023049,17331870,67.0,816878.5738992994
2023-05-23,38696995.00726002,564456.9241373219,38696995.00726002,9.226902352252099,0.2269023522520996,0.0028132698753582,Aave Ethereum rETH,967903.2575232001,1992.694437746794,1983.87307139,17324882,67.0,842473.0211004803
2023-05-22,37033345.31204667,549182.1213859121,37033345.31204667,9.230679438401012,0.2306794384010126,0.0029077105375193,Aave Ethereum rETH,42805.63553114172,3892.6153713423328,1947.13158547,17316226,67.0,819674.8080386748
2023-05-21,36750817.73690152,514422.084830002,36750817.73690152,9.217739911674666,0.2177399116746665,0.0025906544206507,Aave Ethereum rETH,156531.75504480075,32881.52161025762,1934.31445742,17310630,67.0,767794.1564626895
2023-05-20,36895214.68096478,557138.2768703991,36895214.68096478,9.234897505274189,0.2348975052741877,0.0030150200755563,Aave Ethereum rETH,5110790.749111073,1941.6789953288085,1948.41421121,17303921,67.0,831549.6669707451
2023-05-19,31680230.543535806,555290.4393544673,31680230.543535806,9.272657412079171,0.2726574120791717,0.0040622628026221,Aave Ethereum rETH,31483.34056867573,0.0,1941.96640428,17296807,67.0,828791.7005290558
2023-05-18,31189040.917075235,547222.6398161796,31189040.917075235,9.272927622723618,0.2729276227236179,0.0040703184102041,Aave Ethereum rETH,131396.73132321172,4989.288353643811,1913.76876802,17288308,67.0,816750.2086808651
2023-05-17,31806577.226471245,603444.7746748024,31806577.226471245,9.295125040318116,0.295125040318116,0.0047593267077442,Aave Ethereum rETH,56274.75394628801,2150.3285576538415,1959.49172343,17281442,67.0,900663.8427982127
2023-05-16,31657316.20740608,562564.5718008257,31657316.20740608,9.276429099534129,0.2764290995341304,0.0041754272148555,Aave Ethereum rETH,194414.20067650673,586091.632719,1953.63877573,17273923,67.0,839648.6146280981
2023-05-15,32223425.868980408,565641.8041918895,32223425.868980408,9.273058230685587,0.2730582306855892,0.0040742149977883,Aave Ethereum rETH,60658.30501558362,1955.3886892133507,1964.34003849,17266756,67.0,844241.498793865
2023-05-14,31550744.563848633,554712.8441817488,31550744.563848633,9.273491668196208,0.2734916681962077,0.0040871596298678,Aave Ethereum rETH,4647816.232430016,0.0,1926.85238417,17260991,67.0,827929.6181817146
2023-05-13,26904278.416059934,554700.249943209,26904278.416059934,9.320717391326479,0.3207173913264782,0.0056205448929239,Aave Ethereum rETH,126959.39910050172,3618.2998500809167,1926.82719413,17253179,67.0,827910.8208107597
2023-05-12,26818813.07522221,555481.8943193207,26818813.07522221,9.322192823169239,0.3221928231692388,0.0056723774789893,Aave Ethereum rETH,1614383.4351112247,0.0,1929.55674689,17247177,67.0,829077.4542079413
2023-05-11,25572541.95672004,564260.0666290264,25572541.95672004,9.343234468787829,0.3432344687878279,0.0064374695665363,Aave Ethereum rETH,1964.07454068,0.0,1960.07532254,17240410,67.0,842179.20392392
2023-05-10,25830491.283270333,368034.0001397043,25830491.283270333,9.221636232167711,0.2216362321677099,0.0026842002748762,Aave Ethereum rETH,3228503.8916664645,3093649.9936435698,1979.9984008,17232003,67.0,549304.4778204542
2023-05-09,25629253.804572463,367244.34796537645,25629253.804572463,9.222897217515929,0.2228972175159272,0.0027148303375644,Aave Ethereum rETH,551292.51910023,0.0,1975.76255912,17224619,67.0,548125.8924856364
2023-05-08,25238446.341197208,369591.676784404,25238446.341197208,9.22779545825371,0.2277954582537098,0.0028354599759127,Aave Ethereum rETH,9291.55792194541,0.0,1988.40688473,17215578,67.0,551629.3683349313
2023-05-07,26104035.40734304,382406.1993180497,26104035.40734304,9.2278781968809,0.2278781968808997,0.0028375201106766,Aave Ethereum rETH,596122.0800539292,0.0,2057.35972904,17209717,67.0,570755.5213702234
2023-05-06,26128614.238584787,391707.8249270021,26128614.238584787,9.23320152123772,0.2332015212377197,0.0029716397409503,Aave Ethereum rETH,0.0,4214.84616202,2107.42308101,17199015,67.0,584638.5446671674
2023-05-05,26345730.843233492,394898.5006053892,26345730.843233492,9.233163595821196,0.2331635958211954,0.0029706732677462,Aave Ethereum rETH,97829.51904853631,0.0,2124.59210024,17197500,67.0,589400.7471722227
2023-05-04,24729393.85744219,652582.9370753389,24729393.85744219,9.410494676067785,0.4104946760677841,0.0092076426782997,Aave Ethereum rETH,61916.841204777986,0.0,2001.74696336,17190684,67.0,974004.3836945357
2023-05-03,24953099.212847427,651945.2401482725,24953099.212847427,9.406417058209891,0.4064170582098926,0.0090256243772177,Aave Ethereum rETH,134263.21844132608,0.0,2024.65246436,17182940,67.0,973052.5972362277
2023-05-02,24374851.081371717,640304.1239191985,24374851.081371717,9.408629440135895,0.4086294401358976,0.0091241560571085,Aave Ethereum rETH,0.0,3371.1490679956983,1988.5277042,17174197,67.0,955677.7968943261
2023-05-01,23901392.851808816,822804.2492799219,23901392.851808816,9.535499001456396,0.535499001456395,0.0156693409377864,Aave Ethereum rETH,18794.198893342284,119966.80118693905,1949.62860241,17168832,67.0,1228066.0437013758
2023-04-30,25059925.374739327,859012.9319032573,25059925.374739327,9.533218651424532,0.5332186514245317,0.0155361735445466,Aave Ethereum rETH,13006.851833745084,0.0,2035.47298043,17161457,67.0,1282108.8535869513
2023-04-29,25038151.478104245,1098908.9787033175,25038151.478104245,9.68272355044174,0.68272355044174,0.0254696611743391,Aave Ethereum rETH,62978.157191689425,13132.262377901687,2034.76333337,17154206,67.0,1640162.654781071
2023-04-28,24888181.04920676,1094494.627204951,24888181.04920676,9.684078518497996,0.684078518497995,0.0255708582782046,Aave Ethereum rETH,250563.82986767168,20721.246311356248,2026.62622956,17147351,67.0,1633574.0704551507
2023-04-27,24802960.7682651,1100835.5762929667,24802960.7682651,9.69040436127405,0.6904043612740506,0.026045964948619,Aave Ethereum rETH,159096.21912930204,114797.44740419704,2038.40259739,17140885,67.0,1643038.173571592
2023-04-26,24112240.99296816,1072135.8287604323,24112240.99296816,9.691666731901256,0.6916667319012554,0.0261412995738933,Aave Ethereum rETH,1781958.7967689396,0.0,1985.30005862,17133198,67.0,1600202.7294931826
2023-04-25,22409507.653864972,1189509.2518274083,22409507.653864972,9.825695980449316,0.8256959804493174,0.0372540712056837,Aave Ethereum rETH,3984333.711498573,0.0,1986.48386372,17125938,67.0,1775386.9430259827
2023-04-24,18125397.158035204,1173603.8871634812,18125397.158035204,10.00720666899094,1.0072066689909416,0.0554332810468406,Aave Ethereum rETH,401624.1583024631,318734.6265203838,1959.97478102,17118866,67.0,1751647.5927813153
2023-04-23,18118334.92484347,1131180.2783653005,18118334.92484347,9.971176682018653,0.9711766820186514,0.0515382766420014,Aave Ethereum rETH,2111.2127193109345,0.0,1968.04813529,17111066,67.0,1688328.773679553
2023-04-22,18407583.67355734,1679275.6419231256,18407583.67355734,10.419090340970516,1.419090340970515,0.1100407362724569,Aave Ethereum rETH,106977.4265436734,276732.969098976,1999.70323883,17104374,67.0,2506381.555109143
2023-04-21,18260510.937392578,1571957.2288466748,18260510.937392578,10.339099547463938,1.339099547463938,0.0979848937488475,Aave Ethereum rETH,508909.9558190486,104525.90514734694,1965.33154621,17097601,67.0,2346204.8191741416
2023-04-20,19143982.657004435,2904220.826558748,19143982.657004435,11.359825728333412,2.359825728333411,0.3042939116499857,Aave Ethereum rETH,38744.74796411751,201.7024494004124,2104.82624457,17091029,67.0,4334657.950087683
2023-04-19,19182202.862370748,3114788.4876662428,19182202.862370748,11.525882700280192,2.525882700280192,0.3486259866367634,Aave Ethereum rETH,156492.33477292713,0.0,2113.30535748,17083135,67.0,4648938.041292899
2023-04-18,20082944.67212811,3319691.8724335544,20082944.67212811,11.571308122790144,2.571308122790143,0.3612781056199875,Aave Ethereum rETH,4484.139523014275,56852.60692709364,2230.7301442,17076665,67.0,4954763.988706797
2023-04-17,19924211.740409784,2064124.1841658736,19924211.740409784,10.611532320291097,1.6115323202910983,0.1419094900569464,Aave Ethereum rETH,4127.8941336039,0.0,2207.43001797,17067619,67.0,3080782.364426677
2023-04-16,20249782.618009944,1705535.2081675213,20249782.618009944,10.310161618330678,1.3101616183306783,0.093795746543025,Aave Ethereum rETH,50559.009686861755,223.90121673835495,2243.97129054,17061676,67.0,2545574.9375634645
2023-04-15,20052920.23043307,2290220.364699326,20052920.23043307,10.776578700892328,1.7765787008923286,0.1724655277539407,Aave Ethereum rETH,485150.34735823696,0.0,2227.73029974,17055396,67.0,3418239.3502975013
2023-04-14,19612807.80416812,2230654.0901577724,19612807.80416812,10.769203233574672,1.7692032335746732,0.1710365187495483,Aave Ethereum rETH,114229.25195342924,4242.475689736366,2232.91781356,17046037,67.0,3329334.4629220483
2023-04-13,18648946.64303197,2079451.877000295,18648946.64303197,10.734515478551367,1.7345154785513688,0.1643954370129091,Aave Ethereum rETH,66784.4851740913,2002.712494590676,2135.06726452,17041720,67.0,3103659.517910888
2023-04-12,17858129.759324986,1720973.270234939,17858129.759324986,10.499070420955261,1.4990704209552628,0.1227940912244276,Aave Ethereum rETH,343413.73301243625,166237.37714700823,2051.85507328,17035096,67.0,2568616.8212461774
2023-04-11,17488898.648423683,1702815.592513208,17488898.648423683,10.51457002328381,1.51457002328381,0.1253464715645635,Aave Ethereum rETH,0.0,0.0,2030.31271802,17026145,67.0,2541515.8097212063
2023-04-10,17474385.682478607,1760117.661150596,17474385.682478607,10.566838355985974,1.566838355985974,0.1341472544177468,Aave Ethereum rETH,721503.8361070513,0.0,2028.63347454,17020858,67.0,2627041.2852993975
2023-04-09,16172179.768712213,1700530.4469729103,16172179.768712213,10.63568871352616,1.63568871352616,0.1461957385129286,Aave Ethereum rETH,192.49627106218023,0.0,1959.16551342,17010650,67.0,2538105.144735687
2023-04-08,16444890.896862624,1729166.8439696196,16444890.896862624,10.635652226892494,1.6356522268924945,0.1461892163295613,Aave Ethereum rETH,13914.678651472428,5.968318738415252,1992.23317722,17004641,67.0,2580846.0357755516
2023-04-07,16309544.05056629,1475068.0100071707,16309544.05056629,10.40687520883162,1.4068752088316212,0.1081544898369385,Aave Ethereum rETH,1982.405877711132,0.0,1977.52093679,16996112,67.0,2201594.044786822
2023-04-06,16476184.026998095,1490282.4685443141,16476184.026998095,10.407007223147252,1.407007223147252,0.1081747881700881,Aave Ethereum rETH,937761.89792315,1301.216543366719,1997.97667755,16992908,67.0,2224302.191857185
2023-04-05,15834245.916226083,1233735.739406509,15834245.916226083,10.212018387783525,1.2120183877835244,0.0802697327020651,Aave Ethereum rETH,12236.737474610716,0.0,2036.27772753,16984892,67.0,1841396.6259798643
2023-04-04,15463630.377293352,1217700.436975726,15463630.377293352,10.224936572970988,1.224936572970989,0.0819899464263187,Aave Ethereum rETH,109262.11284735773,19934.215307499104,1990.158665,16978553,67.0,1817463.3387697402
2023-04-03,14852509.417377796,1176261.36370897,14852509.417377796,10.231937747912308,1.231937747912308,0.0829298585906718,Aave Ethereum rETH,4312.820705308214,35964.2500153076,1922.63278424,16971613,67.0,1755613.9756850298
2023-04-02,14743512.945456415,1152618.249322828,14743512.945456415,10.216100500330104,1.2161005003301053,0.0808113447557783,Aave Ethereum rETH,3286.265177928284,138521.09110594183,1904.4757258,16964100,67.0,1720325.745257952
2023-04-01,15151834.428824198,1173909.0489073524,15151834.428824198,10.205186732477587,1.205186732477588,0.0793673872147932,Aave Ethereum rETH,25672.68430052468,535579.6285347369,1939.74481058,16957702,67.0,1752103.0580706752
2023-03-31,15709674.927582482,1235979.9006890738,15709674.927582482,10.223853712516721,1.2238537125167228,0.0818450500625242,Aave Ethereum rETH,708297.8342980401,191843.0568510437,1945.84534719,16950471,67.0,1844746.1204314535
2023-03-30,14951300.488762213,1139173.457046365,14951300.488762213,10.185212638477802,1.1852126384778023,0.0767584059844106,Aave Ethereum rETH,0.0,0.0,1914.05878569,16943434,67.0,1700258.8911139774
2023-03-29,14862264.793817263,475963.8382108545,14862264.793817263,9.498166346689278,0.4981663466892782,0.0135607019546366,Aave Ethereum rETH,1245.1081249779609,0.0,1902.66136225,16930608,67.0,710393.7883744098
2023-03-28,14710552.874123933,471143.31532643334,14710552.874123933,9.498206589109225,0.4982065891092263,0.0135628929396689,Aave Ethereum rETH,9925.263290453144,0.0,1883.39720464,16928987,67.0,703198.9780991542
2023-03-27,14205474.457058655,444348.96541244414,14205474.457058655,9.486579586803458,0.4865795868034579,0.0129372261524839,Aave Ethereum rETH,12476.92656482374,0.0,1819.96187466,16921976,67.0,663207.4110633495
2023-03-26,14694430.407303607,356398.8039086617,14694430.407303607,9.377284491718378,0.3772844917183782,0.0077780603274117,Aave Ethereum rETH,24312.85472374872,713.6149259730169,1884.20395328,16914573,67.0,531938.51329651
2023-03-25,14591092.849177163,354458.6954520973,14591092.849177163,9.377888178718669,0.3778881787186678,0.0078029713461224,Aave Ethereum rETH,638.3914432958189,0.0,1873.97100706,16905761,67.0,529042.829032981
2023-03-24,14717067.424496729,357530.42046552675,14717067.424496729,9.377900295744464,0.3779002957444633,0.0078034717604051,Aave Ethereum rETH,446.0860387013616,0.0,1890.23357266,16897465,67.0,533627.4932321295
2023-03-23,15157991.941925593,368255.0095661064,15157991.941925593,9.377908475775808,0.377908475775808,0.0078038095920246,Aave Ethereum rETH,6356.910242729746,135190.31055315156,1946.95082882,16893611,67.0,549634.3426359798
2023-03-22,14940023.166817995,2144865.4377219146,14940023.166817995,11.233207415135368,2.2332074151353676,0.2725156964033518,Aave Ethereum rETH,191.201611527,6047.307610683833,1902.96970886,16882118,67.0,3201291.69809241
2023-03-21,14989730.494189188,2004278.0512364253,14989730.494189188,11.079910657102433,2.0799106571024333,0.2363865486620808,Aave Ethereum rETH,3238349.801397964,0.0,1908.55927589,16878692,67.0,2991459.7779648136
2023-03-20,11551653.629747724,2150610.658863885,11551653.629747724,11.89599465723712,2.8959946572371207,0.4582778976343322,Aave Ethereum rETH,521145.5376861498,0.0,1871.69443123,16870341,67.0,3209866.6550207236
2023-03-19,11343692.035533711,2307197.1315424,11343692.035533711,12.163814325338624,3.163814325338625,0.5469597592994065,Aave Ethereum rETH,5695.435495037915,0.0,1924.33345867,16865024,67.0,3443577.808272239
2023-03-18,11197826.525161073,2278516.325830487,11197826.525161073,12.165193897229749,3.165193897229747,0.5474368636715166,Aave Ethereum rETH,4911157.898344554,7028.502937348525,1900.58498247,16857596,67.0,3400770.6355678914
2023-03-17,6066451.788897566,2159137.502203116,6066451.788897566,14.536410973334071,5.536410973334074,1.674904467587519,Aave Ethereum rETH,3716840.600534813,11217.65803362,1827.2950948,16849272,67.0,3222593.2868703227
2023-03-16,2338302.81569443,760205.2018576337,2338302.81569443,14.057212914656471,5.057212914656472,1.3975130632206196,Aave Ethereum rETH,152629.30687286513,0.0,1788.68602918,16843783,67.0,1134634.629638259
2023-03-15,2144678.50657463,649410.2229815444,2144678.50657463,13.710207692063914,4.710207692063914,1.212309516022802,Aave Ethereum rETH,787308.0430130345,16203.6178866231,1757.49652511,16835822,67.0,969268.9895246932
2023-03-14,1409581.0435210648,487441.9465730496,1409581.0435210648,14.37919810634849,5.379198106348491,1.5811332703226813,Aave Ethereum rETH,59260.30531559664,3399.649364785738,1808.86509865,16829384,67.0,727525.2933926113
2023-03-13,1339657.3977162936,83435.19223960285,1339657.3977162936,9.968815126028048,0.9688151260280476,0.0512879358958477,Aave Ethereum rETH,22970.34327250987,504641.0930391632,1790.2579524,16822129,67.0,124530.13767104903
2023-03-12,1679206.3368111895,76884.03323911103,1679206.3368111895,9.712225599252816,0.7122255992528161,0.0277184255526243,Aave Ethereum rETH,86390.58951973525,1273218.7254497823,1649.72513897,16814768,67.0,114752.28841658363
2023-03-11,2700230.6446848935,60064.04931576347,2700230.6446848935,9.346018457620483,0.3460184576204846,0.0065423222396968,Aave Ethereum rETH,461386.5822413208,1523.3540386887487,1555.91509072,16807213,67.0,89647.83479964697
2023-03-10,2187553.3048366476,920.89153025839,2187553.3048366476,9.006548402337877,0.006548402337877,2.3431716773e-06,Aave Ethereum rETH,742.7581149683648,149561.2411212962,1525.56198536,16801005,67.0,1374.4649705349104
2023-03-09,2358563.363940522,927.4541742313091,2358563.363940522,9.00611688446433,0.0061168844643304,2.0445321997e-06,Aave Ethereum rETH,54563.391280191776,0.0,1536.43404543,16794017,67.0,1384.2599615392674
2023-03-08,2475474.329232357,996.4794251602397,2475474.329232357,9.00626174346026,0.0062617434602617,2.1425153456e-06,Aave Ethereum rETH,63448.258213136774,0.0,1650.78258828,16785305,67.0,1487.2827241197606
2023-03-07,2417111.339891775,998.568456234899,2417111.339891775,9.006426382106596,0.0064263821065974,2.25666186e-06,Aave Ethereum rETH,1279319.5247201265,1393.5745020123882,1654.24353459,16779766,67.0,1490.4006809476105
2023-03-06,1146492.1636740223,112582.27328296284,1146492.1636740223,10.527510543378028,1.527510543378028,0.1274975480000175,Aave Ethereum rETH,8016.642105455097,0.0,1665.29228652,16771721,67.0,168033.24370591468
2023-03-05,1138324.1122951843,1005.0915682048472,1138324.1122951843,9.013734888235852,0.0137348882358526,1.03082195329e-05,Aave Ethereum rETH,24910.54751659956,0.0,1665.14555285,16764054,67.0,1500.1366689624585
2023-03-04,1113361.6882785475,1005.0442406516804,1113361.6882785475,9.014042173666319,0.0140421736663179,1.07746228982e-05,Aave Ethereum rETH,4094.429766817226,0.0,1665.06796795,16754907,67.0,1500.0660308234035
2023-03-03,1110354.169761277,1002.6970903492692,1110354.169761277,9.01404732595654,0.01404732595654,1.07825310996e-05,Aave Ethereum rETH,72058.79831718505,0.0,1666.70272667,16745807,67.0,1496.5628214168196
2023-03-02,1090447.817307212,123715.37252109536,1090447.817307212,10.764820538976377,1.7648205389763754,0.1701901802940386,Aave Ethereum rETH,167194.53889036283,0.0,1750.95071284,16744243,67.0,184649.80973297814
2023-03-01,925151.5369569501,124040.9783785073,925151.5369569501,11.085615246583972,2.085615246583973,0.237685005852814,Aave Ethereum rETH,16.345852330980357,0.0,1755.71940968,16732282,67.0,185135.78862463776
2023-02-28,915726.9338857816,122772.97757082114,915726.9338857816,11.085542631371531,2.085542631371532,0.2376684551042922,Aave Ethereum rETH,16921.65794602474,0.0,1737.87320797,16726772,67.0,183243.2501057032
2023-02-27,896939.6315013373,122538.43021325226,896939.6315013373,11.12516051124246,2.12516051124246,0.2467839290633142,Aave Ethereum rETH,129206.1294103316,1734.797522331192,1734.6368755,16720844,67.0,182893.17942276457
2023-02-26,773497.7025533181,123012.46920173187,773497.7025533181,11.473846426338943,2.473846426338943,0.334409703424937,Aave Ethereum rETH,129521.94544176648,112777.54856543159,1741.4250687,16715770,67.0,183600.70030109235
2023-02-25,733202.6578637537,120895.18594677212,733202.6578637537,11.564887282679805,2.564887282679807,0.359476055802303,Aave Ethereum rETH,102512.4343180928,0.0,1687.66668305,16708602,67.0,180440.5760399584
2023-02-24,632239.8320887772,121148.85856137432,632239.8320887772,11.980723356136027,2.9807233561360267,0.4854860335891669,Aave Ethereum rETH,22658.94663943464,0.0,1691.37725431,16699490,67.0,180819.19188264824
2023-02-23,635989.3757738954,126352.69873687596,635989.3757738954,12.090370044499652,3.090370044499652,0.5218604331524783,Aave Ethereum rETH,18188.07235338216,0.0,1764.21630943,16694468,67.0,188586.1175177253
2023-02-22,600164.840683861,122739.88728083628,600164.840683861,12.181203030631684,3.1812030306316834,0.5529885951719042,Aave Ethereum rETH,12756.33108573553,0.0,1713.85925651,16686358,67.0,183193.8616131885
2023-02-21,609958.5289630105,127438.70793440312,609958.5289630105,12.249965569824193,3.249965569824193,0.5771529497755471,Aave Ethereum rETH,43336.63744625016,0.0,1779.69190093,16676428,67.0,190207.02676776587
2023-02-20,574695.0544295234,129169.57316118835,574695.0544295234,12.496237195921132,3.496237195921132,0.6679365011113559,Aave Ethereum rETH,3491.2493938192342,0.0,1803.98778208,16671221,67.0,192790.4077032662
2023-02-19,567980.4130965865,2870.306670273212,567980.4130965865,9.078609214215833,0.0786092142158316,0.0003376605391512,Aave Ethereum rETH,194101.701872284,0.0,1793.79618701,16661479,67.0,4284.0398063779285
2023-02-18,372630.3105689138,2860.5340429052762,372630.3105689138,9.119410857537332,0.1194108575373327,0.0007791499262013,Aave Ethereum rETH,26108.022605568684,0.0,1787.69121674,16658488,67.0,4269.4537953810095
2023-02-17,348027.57098127255,1077.4363371068328,348027.57098127255,9.048156181358772,0.0481561813587725,0.0001267177585243,Aave Ethereum rETH,117699.88858956198,42314.90428989369,1795.34772477,16651571,67.0,1608.1139359803474
2023-02-16,268805.5418503345,1066.660259408813,268805.5418503345,9.061726751504892,0.0617267515048924,0.00020819976902,Aave Ethereum rETH,141247.32951149257,0.0,1777.76004222,16644687,67.0,1592.0302379236016
2023-02-15,119424.16305015124,997.683531636,119424.16305015124,9.12995294425224,0.1299529442522395,0.0009227958789762,Aave Ethereum rETH,51300.88047295508,237.24624403706767,1662.80588606,16634990,67.0,1489.0798979641793
2023-02-14,67097.5416877696,0.0,67097.5416877696,9.0,0.0,0.0,Aave Ethereum rETH,29065.736871278677,1447.21051620621,1647.64919951,16629943,67.0,0.0
2023-02-13,37223.24517171715,0.0,37223.24517171715,9.0,0.0,0.0,Aave Ethereum rETH,37000.73365531636,0.0,1575.84021598,16622626,67.0,0.0
