datetime,totalValueLockedUSD,totalBorrowBalanceUSD,totalDepositBalanceUSD,utilizationRate,borrowerStableRate,borrowerVariableRate,lenderVariableRate,market,dailyDepositUSD,dailyWithdrawUSD,inputTokenPriceUSD,blockNumber
2023-11-02,296261042.07344559522,243104753.78368778413,296261042.07344559522,0.8205761786371495,16.3340041519268447,11.6395876582571299,8.5939150744760692,Aave Ethereum USDT,8942260.56662748504382,13129854.00906927349586,1.00027,18486403
2023-11-01,300377391.8575478520443,243690224.88177292296186,300377391.8575478520443,0.8112801811573805,12.9940040466064586,8.1604208818817277,5.9569849200154626,Aave Ethereum USDT,8277914.43497031153482,6983038.75783457851252,1.00017686,18480553
2023-10-31,299086984.3828898346498,241066990.9845900539961,299086984.3828898346498,0.8060096345616203,11.1002991860858505,6.1878116521727609,4.4877150290061653,Aave Ethereum USDT,9438000.01282844873772,7745846.6400766824799,1.0003011,18473515
2023-10-30,297379160.42346691317544,241790585.43861105913046,297379160.42346691317544,0.8130717199359299,13.6465017725403143,8.8401060130628274,6.4675652500530875,Aave Ethereum USDT,3000036.22898863956364,8064394.46701833158716,1.00039454,18466405
2023-10-29,302347417.85772546277,243227781.4648427688185,302347417.85772546277,0.8044645566620899,10.5554803240925977,5.6202920042631227,4.0684658771401639,Aave Ethereum USDT,4323293.18840941405705,3668526.84610567617825,1.0002595,18459199
2023-10-28,301635018.6774403790552,244266171.3638412192343,301635018.6774403790552,0.8098070722519531,12.4832416735491751,7.6283767432803907,5.5588599545962003,Aave Ethereum USDT,13771790.88592474651939,7469096.76740941060501,1.00022035,18452057
2023-10-27,295249597.17251294595361,244526689.39846910379354,295249597.17251294595361,0.8282032955851699,19.1092529216147579,14.5304717933487062,10.8291702272844465,Aave Ethereum USDT,10026852.59753645520373,8310458.17514105601591,1.00010797,18444680
2023-10-26,293453296.743196428014,235009258.524689218918,293453296.743196428014,0.8008404101534013,9.2637716818356557,4.274762168578808,3.0806476643933754,Aave Ethereum USDT,12356989.384517070346,7223513.5311186169644,0.999958,18437800
2023-10-25,288391624.7223450604728,232597604.8808707030024,288391624.7223450604728,0.8065338412820026,11.3166504778063685,6.4131775810483005,4.6546305856232579,Aave Ethereum USDT,8946915.379642171331,5874553.659359049986,1.0003348,18430428
2023-10-24,285156388.366927581076,228664041.152419023004,285156388.366927581076,0.8018899469935196,9.6493987288863107,4.6764570092565737,3.3746412597584898,Aave Ethereum USDT,15679715.24805028280425,5605563.70027840594761,0.999913,18423549
2023-10-23,275243124.04036899427557,224570690.5940647137954,275243124.04036899427557,0.8158993667036263,14.6959658774898239,9.9332977890518998,7.2934237212608297,Aave Ethereum USDT,12494017.14140164848651,20356084.69144259433669,1.00062009,18416296
2023-10-22,283009513.8793160939229,225408255.0905873436759,283009513.8793160939229,0.7964688253791649,8.9820654357908454,3.9820654357908454,2.8542321242856244,Aave Ethereum USDT,11655560.6693718685107,4188721.588544382641,1.0004769,18409260
2023-10-21,275487494.22273326661,221791618.11304630104,275487494.22273326661,0.805087790786345,10.8143470994925375,5.8899448953047265,4.2674763357118206,Aave Ethereum USDT,9967845.78135712846812,2349328.25224185496708,1.00039,18401947
2023-10-20,267792090.1350203968367,217349625.8048272094331,267792090.1350203968367,0.8116357196929895,13.1745710626251408,8.348511523567855,6.0980569335245529,Aave Ethereum USDT,3760751.10083268418357,4160769.60530311988,1.00021871,18394359
2023-10-19,268213140.2098958292,216776399.56167093948,268213140.2098958292,0.8082243822656414,11.9511689780076962,7.0741343520913502,5.1455691481211486,Aave Ethereum USDT,6240277.0175032117431,6476068.9543333859532,1.00044,18387640
2023-10-18,268343892.7086270297402,217232738.4899823091191,268343892.7086270297402,0.8095311441496371,12.4257079062858156,7.5684457357143913,5.5140991407021916,Aave Ethereum USDT,10821229.60409241853725,8294708.97381086084025,1.0001763,18380661
2023-10-17,265874115.6368843862609,217234544.6313001728423,265874115.6368843862609,0.8170578926456559,15.1404664439827727,10.3963192124820549,7.6449454561500282,Aave Ethereum USDT,20676611.45395704519999,10724979.95530732453961,1.00054485,18373462
2023-10-16,255758211.35234694443694,219467536.31388546690306,255758211.35234694443694,0.8581055331652074,29.8968646510177824,25.76756734481019,19.8988019062395473,Aave Ethereum USDT,14505429.94759605817727,12958882.76037764980891,1.00026974,18366368
2023-10-15,254094164.49032804476751,202445604.80449022617649,254094164.49032804476751,0.7967345696842881,8.983486825267976,3.983486825267976,2.856270111675037,Aave Ethereum USDT,4666243.05437239396411,1765790.73535448771599,1.00000319,18359121
2023-10-14,251170369.3296328447056,201975534.0147177766784,251170369.3296328447056,0.804137584197472,10.4788976956262357,5.5405184329439955,4.0096579215773157,Aave Ethereum USDT,531203.51684983133212,3157576.81618529163652,1.0000048,18351922
2023-10-13,253684561.94930274385062,200404815.67459677269136,253684561.94930274385062,0.7899763948373273,8.9497760688578031,3.9497760688578031,2.8081315789419242,Aave Ethereum USDT,5731929.92144852290732,7140620.56721435918068,0.99964614,18344636
2023-10-12,255093776.07127402618436,200306536.89891143083556,255093776.07127402618436,0.7852270642735915,8.9260705160743485,3.9260705160743485,2.7745253454938942,Aave Ethereum USDT,1587896.52292065592236,1526321.50052328954992,0.99974012,18337479
2023-10-11,255052538.2670183044364,194520778.5828107054772,255052538.2670183044364,0.7626694480458923,8.8133150829085118,3.8133150829085118,2.6174469458767591,Aave Ethereum USDT,177205.63728979539225,761024.7498807830913,0.9998926,18330500
2023-10-10,255714326.45028078223,189399506.4577246457148,255714326.45028078223,0.74066834301734,8.7033403256218357,3.7033403256218357,2.468651322127832,Aave Ethereum USDT,1775305.9141190023987,2596800.20956433613145,1.00027045,18323400
2023-10-09,256493422.7014000490775,206043690.8660436862446,256493422.7014000490775,0.8033098420067948,10.1690318140474161,5.2177414729660584,3.7720231249839919,Aave Ethereum USDT,1253027.8780098105208,4355874.7276743426193,1.0002957,18316004
2023-10-08,259645625.297837243554,202300892.6556758167698,259645625.297837243554,0.779142311462472,8.895453490438958,3.895453490438958,2.731420421311151,Aave Ethereum USDT,361595.029205312709,13077486.3845119257685,1.0005854,18309116
2023-10-07,272347774.2407218417443,219227305.1834853541872,272347774.2407218417443,0.8049535407244249,10.7674113237445888,5.8410534622339466,4.2313673528878161,Aave Ethereum USDT,9386267.0243220312446,3476582.528210334167,1.0006119,18301757
2023-10-06,266333382.41741375483,214717513.197010834944,266333382.41741375483,0.8061982739380849,11.2185651027376937,6.3110053153517643,4.5789272674428491,Aave Ethereum USDT,4719104.9210922312148,3730053.32341632375904,1.000331,18294876
2023-10-05,265286870.19289779086592,213912570.99796651840758,265286870.19289779086592,0.8063443578735143,11.2749975387676814,6.3697891028830014,4.6224762904045811,Aave Ethereum USDT,5210485.7753940593904,2295757.53283333180404,1.00023558,18287716
2023-10-04,262265984.32974063262281,212180559.17457277454004,262265984.32974063262281,0.8090281311807608,12.2451419578381353,7.380356206081391,5.373732227348966,Aave Ethereum USDT,8154085.58463040326243,8903557.71900246591198,0.99996039,18280533
2023-10-03,262998263.66400466660248,209487055.34788280829048,262998263.66400466660248,0.7965339863061397,8.9826654594156785,3.9826654594156785,2.8550923490920856,Aave Ethereum USDT,20350601.3680470447132,6023252.75419248921312,1.00003944,18273435
2023-10-02,248642297.85966649422,201655438.81097820132,248642297.85966649422,0.8110262837290555,12.949405144065026,8.1139636917344021,5.9221671829060012,Aave Ethereum USDT,10320877.8291723903588,3975710.4831888731298,1.00014,18266232
2023-10-01,242267559.735695202866,192922959.7286535800622,242267559.735695202866,0.7963218845276903,8.9813993068109875,3.9813993068109875,2.8532772792495021,Aave Ethereum USDT,9473377.3599327481528,6870482.3989399858468,1.0001774,18259073
2023-09-30,239644919.035797174,192944586.9073532424,239644919.035797174,0.8051269673634599,10.8336434397468319,5.9100452497362832,4.2823248690620885,Aave Ethereum USDT,10759584.51005495889952,36360240.99163655509264,1.0002,18251943
2023-09-29,265142757.99623814110984,203873639.16254107450452,265142757.99623814110984,0.7689202628171863,8.8445334202014043,3.8445334202014043,2.6604786994281913,Aave Ethereum USDT,304451.69236092970908,1632198.9633523315706,0.99997588,18244765
2023-09-28,266364611.65561222665,201952528.51410457415,266364611.65561222665,0.7581807780652663,8.790868155957705,3.790868155957705,2.5867226476537508,Aave Ethereum USDT,1519453.0702851681456,4418756.49234338661016,0.99965,18237499
2023-09-27,269142481.8096028800192,189680381.65605813174792,269142481.8096028800192,0.7047582395046876,8.5237832281264526,3.5237832281264526,2.2350686829885509,Aave Ethereum USDT,10262754.99783949231,4802336.0400257899216,0.99925848,18230503
2023-09-26,263737572.63464232387,183255707.2984378965,263737572.63464232387,0.6948411084085596,8.4739932796510315,3.4739932796510315,2.1723532752708954,Aave Ethereum USDT,1500623.88683597266908,1414261.14844941733144,0.99959,18223317
2023-09-25,263708155.8245377610964,181946888.82635021738424,263708155.8245377610964,0.6899554860465194,8.4495891584755704,3.4495891584755704,2.141939765208995,Aave Ethereum USDT,35559052.73911471023392,3329871.09649054756324,0.99986468,18216185
2023-09-24,231553065.387635747568,181142583.837396004854,231553065.387635747568,0.7822940436316439,8.9112569319379166,3.9112569319379166,2.7536275417738328,Aave Ethereum USDT,95377.44870213912314,162712.19838947115254,1.000206,18209074
2023-09-23,231572999.40793753059884,181480222.42099785685208,231572999.40793753059884,0.7836847252701661,8.9182428696533948,3.9182428696533948,2.7634728934061406,Aave Ethereum USDT,980704.44419840162103,820014.11912724949904,1.00007687,18201915
2023-09-22,231368081.66731979822212,179913797.06202150579078,231368081.66731979822212,0.7776085437779462,8.8878956101563687,3.8878956101563687,2.7208318095851693,Aave Ethereum USDT,2087424.06055419162495,219808.33967019694214,0.99996094,18194784
2023-09-21,229474175.2323385825334,181072470.23579241590128,229474175.2323385825334,0.7890755901070773,8.9452659973271543,3.9452659973271543,2.8017222821398486,Aave Ethereum USDT,4502033.7086410286,2068336.084547162,0.99993451,18186552
2023-09-20,227061707.3803169969,182235880.8992553342,227061707.3803169969,0.8025830643210101,9.923984571202518,4.9624839283359562,3.5844515748634457,Aave Ethereum USDT,9426773.32728237855175,7576349.42147477306975,1.0001,18180229
2023-09-19,225214649.8037267536845,180682925.19725349090525,225214649.8037267536845,0.8022698583538753,9.8144540326480881,4.8483896173417585,3.5007125006752989,Aave Ethereum USDT,7241317.70450987019745,5998597.8811586442081,1.00021425,18173337
2023-09-18,223970792.07409291073416,181503708.2422373787506,223970792.07409291073416,0.8103900806056586,12.7187907130874131,7.873740326132722,5.7422950158207704,Aave Ethereum USDT,10929184.42592300634316,5750245.90659365059066,1.00040606,18166167
2023-09-17,218725338.0723805296756,177070950.3771218474967,218725338.0723805296756,0.8095584715408032,12.4255811116939278,7.5683136580145082,5.5140005145561201,Aave Ethereum USDT,1299470.6186868823262,3646379.7884849438318,1.0003089,18158760
2023-09-16,223016104.31971785876,174728785.06826673804,223016104.31971785876,0.7834805724064394,8.9172415595548235,3.9172415595548235,2.7620606584626311,Aave Ethereum USDT,247124.44743551412,1920602.60429400332,1.00021,18151787
2023-09-15,224634898.05449171884,174642494.84979617676,224634898.05449171884,0.7774504155958508,8.8871248488945814,3.8871248488945814,2.71975312636087,Aave Ethereum USDT,185855.60285762767654,891192.83786246850292,1.00004,18144834
2023-09-14,225342844.39568849405282,174939495.2595547540525,225342844.39568849405282,0.7763259389429358,8.8815362757790048,3.8815362757790048,2.7119382948339023,Aave Ethereum USDT,448957.001472,1182740.46635932094782,1.00012858,18137464
2023-09-13,226032927.073585,172486105.856358,226032927.073585,0.7631016776604639,8.8154456865245171,3.8154456865245171,2.6203726416273378,Aave Ethereum USDT,15951018.24243643689967,2238918.68604047847829,1,18130757
2023-09-12,212285699.11999067344144,168752686.28997990121933,212285699.11999067344144,0.7949319572139218,8.9746490415865311,3.9746490415865311,2.8436103006812514,Aave Ethereum USDT,3917333.36412043988112,1554171.5839920121,0.99996809,18123462
2023-09-11,209797148.0409207354,169474310.2837101988,209797148.0409207354,0.8078008298313684,11.7895153394705192,6.9057451452817909,5.0202957096359835,Aave Ethereum USDT,6483028.60174727351846,8727838.76208681282852,0.99955,18116477
2023-09-10,212133115.61147562641983,169833012.29761740717635,212133115.61147562641983,0.800596417056678,9.1998908146735319,4.2082195986182624,3.0320210721148813,Aave Ethereum USDT,6695113.93360531945895,8619649.12839627926992,0.99987679,18109195
2023-09-09,214020139.3071694902,171243240.7290103488,214020139.3071694902,0.8001267604224657,9.03415832014442,4.0355815834837708,2.9059633618275589,Aave Ethereum USDT,74992.3431373422,6031721.60155811303382,0.9998,18101445
2023-09-08,219921676.07975540098734,171116732.4962606598531,219921676.07975540098734,0.7780803399943377,8.8902799615086939,3.8902799615086939,2.7241700722048953,Aave Ethereum USDT,1564406.7958155488,1254666.33336621919242,0.99961122,18095052
2023-09-07,219543830.6231142749,169967934.83955307618,219543830.6231142749,0.7741867961269795,8.8708464396571059,3.8708464396571059,2.6970213886930967,Aave Ethereum USDT,6494179.97324469414376,2848050.97213511512782,0.99938,18087532
2023-09-06,215895658.71765000001929,169050280.26098231029206,215895658.71765000001929,0.7830184324459603,8.9150339808493063,3.9150339808493063,2.7589483928168579,Aave Ethereum USDT,2767734.29287034350325,12818.97119678,0.99944263,18080611
2023-09-05,213105349.9692411060147,169188975.40248925279108,213105349.9692411060147,0.7939217641739609,8.9695823662168068,3.9695823662168068,2.8363651491922962,Aave Ethereum USDT,2096134.46342371349042,2305443.00331101822148,0.99935314,18073643
2023-09-04,213334008.35278895385704,168154033.9450077608732,213334008.35278895385704,0.7882195400694512,8.9406151181131987,3.9406151181131987,2.7951205516384138,Aave Ethereum USDT,5584767.23202091191984,3363951.92666880716634,0.99964724,18066431
2023-09-03,211191947.31006095301065,160025967.92557164068723,211191947.31006095301065,0.7577276026089664,8.7882129261494593,3.7882129261494593,2.5831002912922528,Aave Ethereum USDT,875721.96782559821183,555047.52858762421519,1.00012007,18059308
2023-09-02,210827694.23503750913416,159973657.97118637646536,210827694.23503750913416,0.7587886333037565,8.7935464413214021,3.7935464413214021,2.5903790284432093,Aave Ethereum USDT,444157.24415699937841,1079542.63117944585141,0.99998372,18052239
2023-09-01,211353193.86699293821046,160167752.0843396767534,211353193.86699293821046,0.7578203534749285,8.7887367344686731,3.7887367344686731,2.583814687760222,Aave Ethereum USDT,1821563.40188276277843,1068750.21044692877219,0.99953429,18045065
2023-08-31,210683153.877738,163263697.869473,210683153.877738,0.774925260347189,8.8742829328067118,3.8742829328067118,2.7018122838187277,Aave Ethereum USDT,4592154.44082330935,2249579.91195460625,1,18037968
2023-08-30,208311772.8976836433,167718184.8636323904,208311772.8976836433,0.8051306103856665,10.8238732005626429,5.8998679172527531,4.2748064278748238,Aave Ethereum USDT,3729291.79546545808922,932428.54288248619801,0.99995,18030756
2023-08-29,205520053.61440396653471,165139323.10133321704221,205520053.61440396653471,0.8035192683005381,10.2468558023478699,5.2988081274456978,3.8316589759089867,Aave Ethereum USDT,4857103.2676231946773,2697094.11931905184537,1.00007653,18023687
2023-08-28,203221223.1642023281756,163903026.120036839799,203221223.1642023281756,0.8065251432307516,11.3324671973228722,6.4296533305446586,4.6668427867012871,Aave Ethereum USDT,687389.63647984818052,2675677.67735596934476,0.9995158,18016487
2023-08-27,205202230.99132667159004,160641617.6365494695138,205202230.99132667159004,0.7828453758055844,8.9140444074362241,3.9140444074362241,2.7575538522089009,Aave Ethereum USDT,101232.07537385072662,74502.94843490879642,0.99957172,18009225
2023-08-26,205145603.81708342963385,157886502.54937225958115,205145603.81708342963385,0.7696314208621824,8.8480101045312602,3.8480101045312602,2.6652927176234424,Aave Ethereum USDT,1598395.25764390005514,456319.45549191532295,0.99951855,18001935
2023-08-25,203977958.27409751851834,157448807.55832637914107,203977958.27409751851834,0.7718912812469321,8.8593382120890112,3.8593382120890112,2.681008458352273,Aave Ethereum USDT,641227.24489027436864,1448716.75005137816,0.99946361,17995095
2023-08-24,204763670.19588647251,157161578.05469628958,204763670.19588647251,0.7675266706459608,8.8375473814658312,3.8375473814658312,2.6508185828991464,Aave Ethereum USDT,429474.22950048279,293754.63638597779,0.99943,17987960
2023-08-23,204627410.3127048475,156033135.446301089,204627410.3127048475,0.7625231400224262,8.8125610690666536,3.8125610690666536,2.6164119429652796,Aave Ethereum USDT,8299041.796106566635,715126.83790629412336,0.9995,17980761
2023-08-22,197046430.66279416934128,155424353.01237628573312,197046430.66279416934128,0.7887702024826534,8.9438255591127542,3.9438255591127542,2.7996768073279851,Aave Ethereum USDT,2631061.0222150013,9444324.53198431330096,0.99958732,17973581
2023-08-21,203884295.77056054835,153517030.27918574315,203884295.77056054835,0.7529615250600017,8.764577192904557,3.764577192904557,2.5509674594406878,Aave Ethereum USDT,2598657.460157058,361823.9998183887,0.99985,17966369
2023-08-20,201663523.733455,152796843.008044,201663523.733455,0.7576821042262476,8.7882063113656757,3.7882063113656757,2.583091270344733,Aave Ethereum USDT,4000.40880819,1541692.0648709926,1,17959240
2023-08-19,203146125.6283918024,157668435.8815926464,203146125.6283918024,0.7761331179409746,8.8804892984337024,3.8804892984337024,2.7104754951465277,Aave Ethereum USDT,6745380.08434816687152,6487814.80267653618626,0.9998,17952132
2023-08-18,202781868.30134293445946,162060440.97889084615308,202781868.30134293445946,0.7991860531537355,8.9957975939054249,3.9957975939054249,2.873951714062869,Aave Ethereum USDT,2103020.02360358448634,2615896.02980753365207,0.99938586,17945100
2023-08-17,203148780.70153484357117,152899957.23077694236393,203148780.70153484357117,0.7526501350525789,8.7631640849936592,3.7631640849936592,2.5490527075055095,Aave Ethereum USDT,664307.10688436480487,6476192.1487060293025,0.99875747,17937961
2023-08-16,208944741.358957967535,159224463.964852930909,208944741.358957967535,0.762041020651064,8.8101484780926384,3.8101484780926384,2.6131016565200967,Aave Ethereum USDT,1151539.887417911133,208128.8347143451712,0.998749,17930794
2023-08-15,207953038.6856066428602,165372381.1677790049061,207953038.6856066428602,0.7952390703835633,8.9761687620100868,3.9761687620100868,2.8457852443172687,Aave Ethereum USDT,1157537.533750548,1318471.55629069753712,0.9985919,17923623
2023-08-14,208161353.91532268782152,158315571.48101148552246,208161353.91532268782152,0.7605425719195321,8.8024553645933803,3.8024553645933803,2.6025600239504958,Aave Ethereum USDT,11566092.7299996382203,214319.10620880340992,0.99896554,17916305
2023-08-13,196885847.13914296295226,158245277.892838403922,196885847.13914296295226,0.8037412551091266,10.3291416102756794,5.3845225107038327,3.8947481900078659,Aave Ethereum USDT,1407432.63782123880306,1599936.8043359623032,0.99942138,17909341
2023-08-12,197100650.79371723197984,156703821.9394147062976,197100650.79371723197984,0.7950446703670132,8.9750183003104781,3.9750183003104781,2.8441386878045764,Aave Ethereum USDT,5145292.42357073032156,1047253.38000301487528,0.99961936,17902142
2023-08-11,192831860.5431762422154,159049912.5127320030578,192831860.5431762422154,0.8248113774596898,17.9196980430851133,13.2913521282136596,9.8661606512337913,Aave Ethereum USDT,3766542.03960177129069,2155980.53386632014516,0.9988502,17895058
2023-08-10,191198231.14319031722862,148723544.36214852398027,191198231.14319031722862,0.7778500013986422,8.8891643186989112,3.8891643186989112,2.722607837611338,Aave Ethereum USDT,3083941.34688836213,34583.43390171828,0.99890993,17887900
2023-08-09,188232015.10055316078,147685454.26949794806,188232015.10055316078,0.7845926432366178,8.9229089148208533,3.9229089148208533,2.7700585837165665,Aave Ethereum USDT,239556.02816573,1350620.357520147683,0.99942,17880748
2023-08-08,189298394.27637947808395,144764928.73701463125345,189298394.27637947808395,0.7647446207370091,8.8237019032075697,3.8237019032075697,2.6317253240267743,Aave Ethereum USDT,1397555.02594794344349,4578374.06920130208146,0.99925705,17873542
2023-08-07,192341682.19652384625662,134376505.02039142171786,192341682.19652384625662,0.6986343442868153,8.4928767408357204,3.4928767408357204,2.1960338268008095,Aave Ethereum USDT,534507.71522340397114,4163232.29573128293423,0.99868433,17866457
2023-08-06,195984586.04773160957446,129301181.01812542398194,195984586.04773160957446,0.6597517877586272,8.2985070767514235,3.2985070767514235,1.9584268083682598,Aave Ethereum USDT,36993341.08508783749217,1149066.50482407713342,0.99881159,17859203
2023-08-05,160075063.06366629682458,128354179.8842294555736,160075063.06366629682458,0.8018374469306281,9.6367149099950868,4.6632446979115488,3.3649590760666047,Aave Ethereum USDT,3505061.19371621846982,1585700.53217816464317,0.99853074,17852069
2023-08-04,158223068.81700560603637,128336059.48767128038635,158223068.81700560603637,0.81110839555324,12.9785415716253562,8.144314137109746,5.9449124096361852,Aave Ethereum USDT,4496240.81068799082441,2234569.34978241736664,0.99911031,17844984
2023-08-03,155962324.50243182354,126918394.27096931386,155962324.50243182354,0.813775985167433,13.9432202082352816,9.1491877169117517,6.7004812802044017,Aave Ethereum USDT,3767079.53900574124,4880412.28860274202,0.99926,17837739
2023-08-02,157070638.0474671962,127562197.2281491318,157070638.0474671962,0.8121326736420302,13.3573742834591353,8.5389315452699326,6.2410490144032944,Aave Ethereum USDT,3749882.2989472421477,8362309.89602745415348,0.9994,17830700
2023-08-01,161729073.9142900641027,115931187.26463402227034,161729073.9142900641027,0.7168234162156454,8.5840308897667532,3.5840308897667532,2.3121499353844077,Aave Ethereum USDT,76147709.96806320298216,64407816.03496881268138,0.99979074,17823560
2023-07-31,149946457.88368205389,124017680.98938814164,149946457.88368205389,0.8270797639354199,18.7155469868180454,14.1203614446021306,10.5096278278282489,Aave Ethereum USDT,57992214.74432873133915,35798270.3812162474994,0.99989,17816221
2023-07-30,127710780.07145345953065,118631316.8255425862301,127710780.07145345953065,0.9289060544393279,55.3793417813705804,52.3118143555943546,43.7299751290322317,Aave Ethereum USDT,8705105.55087755631075,53748833.8374628745563,1.00001655,17809208
2023-07-29,172695478.692038337881,126463586.3856478608285,172695478.692038337881,0.7322923989872708,8.661374298897725,3.661374298897725,2.4130191161931853,Aave Ethereum USDT,755976.8502678162645,56381.5121573908,0.99999325,17801159
2023-07-28,171934785.4931237362,126432061.8069926495,171934785.4931237362,0.7353489373565368,8.6766815788578635,3.6766815788578635,2.4332377378162954,Aave Ethereum USDT,132355.2530765296,5142011.48843158208865,0.9997,17794492
2023-07-27,176953182.48485279969145,130681342.61600842960395,176953182.48485279969145,0.7385080097510808,8.6925053382065968,3.6925053382065968,2.4542272210831586,Aave Ethereum USDT,14816417.9585626016922,13708656.54069808686945,0.99981555,17787190
2023-07-26,175841075.0828016059049,129753562.35834834897774,175841075.0828016059049,0.737902462762178,8.6895036537325892,3.6895036537325892,2.4502386979631026,Aave Ethereum USDT,264965.7837256902447,1063255.96786766787999,0.99985407,17780497
2023-07-25,176610287.29742495272,129358983.87379921716,176610287.29742495272,0.7324544105177124,8.6618382279245092,3.6618382279245092,2.4136306573480758,Aave Ethereum USDT,11250418.6391497902843,11501379.4121779,0.99988,17773301
2023-07-24,176876138.84575353393305,129326175.12510635667978,176876138.84575353393305,0.7311680137810247,8.6554342340943092,3.6554342340943092,2.4051958991619567,Aave Ethereum USDT,14028188.4640429553868,2109665.07465905224223,1.00002967,17766198
2023-07-23,164969490.9402565388198,125164306.0055048572692,164969490.9402565388198,0.7587118399415619,8.7931404000411239,3.7931404000411239,2.5898245369963448,Aave Ethereum USDT,6075484.3820223721578,473435.9045687100188,1.0001794,17758409
2023-07-22,159332615.90398306703,125018441.46313867224,159332615.90398306703,0.784638102838136,8.9227717191213323,3.9227717191213323,2.7698648328608639,Aave Ethereum USDT,1910726.35424765267,823068.44884820391,1.00003,17751869
2023-07-21,158226618.9667175127,125096002.69209835365,158226618.9667175127,0.7906128785979553,8.952672769733618,3.952672769733618,2.8122519644268537,Aave Ethereum USDT,212995.27191898117,148230.25797959703,0.99999,17744811
2023-07-20,158165356.02464412634,125152396.49674252309,158165356.02464412634,0.7912756601214378,8.9560204108163375,3.9560204108163375,2.8170175483431834,Aave Ethereum USDT,1772571.0892915795018,8353842.3251089765156,1.00009,17737603
2023-07-19,164745600.3706835308088,124425725.2660390591974,164745600.3706835308088,0.7552597762008618,8.7760004077625471,3.7760004077625471,2.566472234296126,Aave Ethereum USDT,1833137.7988358688012,252630.6545335422632,1.0001542,17730590
2023-07-18,163147763.153816202672,124012803.306100254592,163147763.153816202672,0.7601256732473899,8.8003559130222951,3.8003559130222951,2.5996869118158341,Aave Ethereum USDT,4058701.869442937893,1590107.28570302505152,1.000121,17723287
2023-07-17,160693515.06195548639904,123537529.5014538761856,160693515.06195548639904,0.7687773178265713,8.8436383268439562,3.8436383268439562,2.6592400057650853,Aave Ethereum USDT,4072536.76073494140676,2727997.7122698844478,1.00028452,17716042
2023-07-16,159355049.0569926359416,123829794.2535493862172,159355049.0569926359416,0.7770685333557407,8.8851224737847289,3.8851224737847289,2.7169517945352909,Aave Ethereum USDT,1382193.6483208969824,1240115.2891828140196,1.0003988,17708790
2023-07-15,159209362.5188948671068,125333363.482068225528,159209362.5188948671068,0.7872235746637936,8.9359272921982673,3.9359272921982673,2.7884742569048132,Aave Ethereum USDT,4520694.824355866812,4875216.9224977460484,1.0004508,17701737
2023-07-14,159560383.4336714678112,126866721.9595895870296,159560383.4336714678112,0.795101636317686,8.9753510178518833,3.9753510178518833,2.8446148287244808,Aave Ethereum USDT,8182902.11248757142792,202340.4876754232062,1.0005086,17694646
2023-07-13,151486127.67131340756168,121486901.901235609674,151486127.67131340756168,0.8019671752705401,9.7002350426411022,4.7294115027511481,3.4134555311440673,Aave Ethereum USDT,7007482.4073939619149,358791.8306870999562,1.00001928,17687854
2023-07-12,144809914.565176081375,109426274.508621820442,144809914.565176081375,0.755654575428751,8.7782190822736489,3.7782190822736489,2.5694890980582121,Aave Ethereum USDT,948166.543656090297,96122.48416503830556,0.9999605,17680633
2023-07-11,143964261.74922276583594,107032357.3179341030285,143964261.74922276583594,0.7434647739477047,8.7172989289643505,3.7172989289643505,2.4872960389103113,Aave Ethereum USDT,161558.73912278610756,780501.89989916333984,1.00007342,17673514
2023-07-10,144570879.101189351424,106584556.9922448413088,144570879.101189351424,0.737247761477906,8.686062564745288,3.686062564745288,2.4456703016189899,Aave Ethereum USDT,15895.24107372,0,1.0001064,17666209
2023-07-09,144584447.21853367503384,107188736.5979804175524,144584447.21853367503384,0.7413573082032046,8.7066370617386783,3.7066370617386783,2.4730484953418536,Aave Ethereum USDT,2027110.34474472513536,2027110.34474372475768,1.00037768,17659104
2023-07-08,144542223.9890083599303,106668800.9138715826686,144542223.9890083599303,0.7379767514991548,8.6897620821122457,3.6897620821122457,2.450581960066793,Aave Ethereum USDT,0,2132389.0580601160485,1.0001517,17652134
2023-07-07,146654882.0774900352,106261621.9109178948,146654882.0774900352,0.7245692772421377,8.6227539536043683,3.6227539536043683,2.3623823175040946,Aave Ethereum USDT,20001.59806184496,6151267.72335725096,1.00008,17645288
2023-07-06,152779936.0411015144,107352496.1421305934,152779936.0411015144,0.7026609574784097,8.5132424204423492,3.5132424204423492,2.221717014863211,Aave Ethereum USDT,120066.3261676339872,99712.6567964601312,1.0001,17638187
2023-07-05,152742855.1808663318304,105344163.899066762704,152742855.1808663318304,0.6896830871357374,8.4483787098086807,3.4483787098086807,2.1404368307271207,Aave Ethereum USDT,416997.4473969816576,5891311.261107404042,1.0000544,17630566
2023-07-04,158217059.52105845997,105044872.83752696598,158217059.52105845997,0.6639288655440195,8.3196302922812998,3.3196302922812998,1.9835901499376931,Aave Ethereum USDT,1999.87646,4904157.50802359915358,1.00011,17623609
2023-07-03,163077801.90842996039783,101500363.09734557856548,163077801.90842996039783,0.6224045327416124,8.111907944420181,3.111907944420181,1.7431147898181786,Aave Ethereum USDT,56056.77873487785048,1592023.39403615750908,0.99993823,17616827
2023-07-02,164616242.011139,99313844.820192,164616242.011139,0.6033052608106056,8.0164318102264813,3.0164318102264813,1.6377949558343173,Aave Ethereum USDT,14314.331073,207457.0149999616,1,17609564
2023-07-01,164769039.1747710628,98518375.144367816,164769039.1747710628,0.5979180047282369,7.9895113897658047,2.9895113897658047,1.6086921029171052,Aave Ethereum USDT,6872520.00541741336768,6952518.20347505337608,0.9998,17602359
2023-06-30,164851213.95273017106164,97468825.65511913453004,164851213.95273017106164,0.5912533084716475,7.9562029753481497,2.9562029753481497,1.5730444856623055,Aave Ethereum USDT,35423330.26631753580524,7074156.4760016578929,0.99985628,17595336
2023-06-29,136508263.4679919918761,96307619.6171272206692,136508263.4679919918761,0.7055076166851183,8.5274673964172999,3.5274673964172999,2.239744721901668,Aave Ethereum USDT,5086737.1750610617481,3451340.249084469217,0.9999553,17588370
2023-06-28,134883688.6008020644,98521253.5448734633,134883688.6008020644,0.7304163651429653,8.6520339139165877,3.6520339139165877,2.4007233075114439,Aave Ethereum USDT,397336.59234322317819,350468.58098902137916,1.0001,17581086
2023-06-27,134810931.17199095961888,97418910.25964638258265,134810931.17199095961888,0.722633612962438,8.6131493280672555,3.6131493280672555,2.3498726520443148,Aave Ethereum USDT,3308780.78147691416067,3009759.1665126562684,0.99997957,17573234
2023-06-26,134508105.515726512549,104498823.4007962971979,134508105.515726512549,0.7768961060014219,8.8842402592529197,3.8842402592529197,2.7157180304882141,Aave Ethereum USDT,666846.8120064348845,399428.7240627009558,1.0000823,17566624
2023-06-25,134259744.32075399303,108439099.34836473166,134259744.32075399303,0.8076814081315222,11.7506865402734186,6.8652984794514777,4.9902256155110308,Aave Ethereum USDT,4463598.64434685957,2369944.01954768759,1.00033,17559870
2023-06-24,132155100.7596012636,103381142.0227871388,132155100.7596012636,0.7822712965944778,8.9112232642717123,3.9112232642717123,2.7535801361364484,Aave Ethereum USDT,253234.4498779914435,0,1.0004,17551907
2023-06-23,131849375.712144424716,103219636.176128901475,131849375.712144424716,0.782860257157983,8.9141966802857744,3.9141966802857744,2.7577684173528319,Aave Ethereum USDT,200.860014385,3039477.1574452751885,1.0000685,17545640
2023-06-22,134869427.866202,98939979.223633,134869427.866202,0.7335982719655858,8.667925717151242,3.667925717151242,2.4216622319771016,Aave Ethereum USDT,21516487.10387210912,21453433.17138873888,1,17538407
2023-06-21,134776196.02154580288,93991177.67128239696,134776196.02154580288,0.6973870790674092,8.4868976964768325,3.4868976964768325,2.1885219982251793,Aave Ethereum USDT,10261423.47166047906305,12859262.02244844576075,0.99984,17531432
2023-06-20,137352994.43429732320285,91166528.81798207316055,137352994.43429732320285,0.6637389246114435,8.3186811892996361,3.3186811892996361,1.9824560705180245,Aave Ethereum USDT,33.74239901005,1535440.15106895079218,0.99974555,17524072
2023-06-19,138867965.61048170116128,87809314.03005600522459,138867965.61048170116128,0.6323223188590312,8.1615152117636759,3.1615152117636759,1.7991321181583617,Aave Ethereum USDT,19994.60588031,4658194.70046827355051,0.99968031,17516945
2023-06-18,143500887.44023888233,84485620.81780562805,143500887.44023888233,0.5887463298998047,7.9436599206811714,2.9436599206811714,1.5597240711524424,Aave Ethereum USDT,25874.75906912511854,268779.98202145081688,0.99969,17509641
2023-06-17,143685406.20231040342593,83713301.84990386898011,143685406.20231040342593,0.5826152012406517,7.9130181529342088,2.9130181529342088,1.5274214566783613,Aave Ethereum USDT,0.6893671734,3572862.53462901599004,0.99932417,17502872
2023-06-16,147216694.15003791887796,83712504.2099051477145,147216694.15003791887796,0.5686345878993071,7.8431307517587913,2.8431307517587913,1.4550106448873718,Aave Ethereum USDT,8985.3557861983,15610688.44358709021158,0.99908286,17495509
2023-06-15,162522488.2181492564,84791100.7790592777,162522488.2181492564,0.5217191891945847,7.6085705441658838,2.6085705441658838,1.2248352511001811,Aave Ethereum USDT,4582952.6693197638,26680799.3913752115,0.9973,17488399
2023-06-14,185041060.2077024266,85819467.7075700846,185041060.2077024266,0.463786078674866,7.3189182056623351,2.3189182056623351,0.9679286960194003,Aave Ethereum USDT,88068889.0080978585,4400329.32872810909,0.9998,17481468
2023-06-13,101366610.16544979389,72471557.16089624093,101366610.16544979389,0.7149450597451047,8.5747068138529243,3.5747068138529243,2.3001351849011746,Aave Ethereum USDT,6381590.51073073439,1424529.7579826482,0.99979,17474112
2023-06-12,96429380.2341333828,72781401.90892650079,96429380.2341333828,0.7547637632038193,8.7736548209957197,3.7736548209957197,2.5632847274443628,Aave Ethereum USDT,10238822.9282089175565,6013467.7640842503265,1.00009,17467281
2023-06-11,92228851.0068759873985,72025501.5274031479565,92228851.0068759873985,0.7809432812085384,8.9045814880541486,3.9045814880541486,2.7442361874339269,Aave Ethereum USDT,1988531.2435054560671,1106668.9226065293919,1.0004405,17460172
2023-06-10,91345654.1928396941838,72091745.8635792571011,91345654.1928396941838,0.7892192190269551,8.9459964817767608,3.9459964817767608,2.8027598821550233,Aave Ethereum USDT,4013227.1438993526498,9751724.8528557132,1.0005123,17452792
2023-06-09,97022931.6334273083,69692784.0739820613,97022931.6334273083,0.7183124947955171,8.5915018766244595,3.5915018766244595,2.3217994313634626,Aave Ethereum USDT,22695180.91411701816286,18045097.74752494941298,0.9999,17446013
2023-06-08,92392704.08785885378112,69210498.04196212487003,92392704.08785885378112,0.7490905123433544,8.7454154945906879,3.7454154945906879,2.5250647008816013,Aave Ethereum USDT,6827830.9963933488378,6720879.2195183056524,1.00018271,17438716
2023-06-07,92293258.4572616819955,68796802.0606842013185,92293258.4572616819955,0.7454152471227571,8.7270672524444117,3.7270672524444117,2.5003854547638365,Aave Ethereum USDT,5762413.7044644506796,4467184.3844005905493,1.0003347,17431858
2023-06-06,90986467.758289652992,66744720.752075409952,90986467.758289652992,0.7335675556653797,8.6678215309644077,3.6678215309644077,2.4215246609410965,Aave Ethereum USDT,5764955.997093989222,2233581.123708016598,1.000288,17424748
2023-06-05,87420492.83989876938,58179152.39236084368,87420492.83989876938,0.6655093159782307,8.3270338377031713,3.3270338377031713,1.9924477482999405,Aave Ethereum USDT,11330897.6028282563696,3862053.6464397156524,1.00011,17417137
2023-06-04,79961347.2038331240724,57086652.8141985573452,79961347.2038331240724,0.7139281016448656,8.5690632797362575,3.5690632797362575,2.2928782850571115,Aave Ethereum USDT,10314.9454878269616,264659.4492580053452,1.0002908,17410408
2023-06-03,80217891.9718707543,57067933.5622843038,80217891.9718707543,0.711411533754786,8.5565086977678914,3.5565086977678914,2.2767757411137593,Aave Ethereum USDT,2719724.2312280919,100611.85629763035,1.00038,17403400
2023-06-02,77581426.59192139137,56836867.24466537094,77581426.59192139137,0.7326092048245969,8.662489568295668,3.662489568295668,2.414489370817426,Aave Ethereum USDT,13175.29055303073195,141103.9702997773992,1.00023,17395885
2023-06-01,77696926.3272466566747,56152887.2429958536196,77696926.3272466566747,0.7227169708939211,8.613061178673664,3.613061178673664,2.3497579945509707,Aave Ethereum USDT,234.695113312,98488.48347616790565,1.00013055,17389273
2023-05-31,77798475.3105225756,55965050.25247317424,77798475.3105225756,0.7193592166054142,8.5963023014687801,3.5963023014687801,2.328010243838936,Aave Ethereum USDT,3348585.93744227171008,532879.06526656720248,1.00024,17381833
2023-05-30,74984362.92049421551392,55131367.7552074650308,74984362.92049421551392,0.7352381964445461,8.6756948449646043,3.6756948449646043,2.4319318667938859,Aave Ethereum USDT,254560.24207,227950.79962924922284,1.00032536,17374695
2023-05-29,74946102.5216421776358,54434781.22180161868866,74946102.5216421776358,0.7263190398204161,8.6311304662965762,3.6311304662965762,2.3733195233880944,Aave Ethereum USDT,955797.44409137383881,435312.83052947028795,1.00023327,17367850
2023-05-28,74427204.55432868928,54240388.09988000064,74427204.55432868928,0.7287709974420284,8.6434120849607634,3.6434120849607634,2.3894012917508647,Aave Ethereum USDT,497307.29890926512684,2017240.06168336624088,1.00032,17360685
2023-05-27,75946936.82328213887459,51771273.84385302654445,75946936.82328213887459,0.6816769182451363,8.408000684555608,3.408000684555608,2.0906043598676687,Aave Ethereum USDT,38979.962560750784,77274.994493197672,1.00037687,17353741
2023-05-26,75978822.2992965191472,51597037.2416540228016,75978822.2992965191472,0.6790976179967949,8.3951285795342137,3.3951285795342137,2.0748416528826014,Aave Ethereum USDT,8366714.9936147784744,7654210.5672646257384,1.0003528,17346214
2023-05-25,75230280.8647762548204,51561715.6992528055422,75230280.8647762548204,0.6853851282561759,8.4265804057844189,3.4265804057844189,2.1134615899150284,Aave Ethereum USDT,17858.10602264884854,299977.74,0.9999258,17339419
2023-05-24,75507216.59550904352713,50670324.41320272935486,75507216.59550904352713,0.6710659814762191,8.3550144853689186,3.3550144853689186,2.0261019954663486,Aave Ethereum USDT,1803658.25386544213293,1227674.88512313375491,0.99991439,17332345
2023-05-23,74940251.63191039349952,54938559.52340426427192,74940251.63191039349952,0.7330981458836042,8.6651673853592805,3.6651673853592805,2.4180213532862493,Aave Ethereum USDT,2116212.23155834652536,559512.73081747021,1.00009176,17325289
2023-05-22,73381285.42720801105,56408149.31177471994,73381285.42720801105,0.7686993895429903,8.8431801351930966,3.8431801351930966,2.6586060392777091,Aave Ethereum USDT,1.00013,0,1.00013,17318251
2023-05-21,73396217.5252379910846,55224332.3955576621852,73396217.5252379910846,0.7524138744148259,8.3438107825743184,3.3438107825743184,2.2641667863062058,Aave Ethereum USDT,8173915.8693501012248,9898043.2074507974392,1.0004002,17311138
2023-05-20,75105783.35635980535448,56095475.54877499588672,75105783.35635980535448,0.7468862322174946,8.3192750400426602,3.3192750400426602,2.2310613252686662,Aave Ethereum USDT,602200.86306972860245,0,1.00027244,17303956
2023-05-19,74483358.10905572586933,54744371.83410039506011,74483358.10905572586933,0.7349879654183388,8.2664189330783034,3.2664189330783034,2.1605722608904114,Aave Ethereum USDT,10740446.76757329056134,595756.264826331414,1.00006547,17296228
2023-05-18,64330583.741539383519,54811024.453428591501,64330583.741539383519,0.8520212512549634,8.7865301399498419,3.7865301399498419,2.9034066264015853,Aave Ethereum USDT,1369465.85189507456,7311302.18544858889,1.000017,17289565
2023-05-17,70268412.748042767,54358693.43149558842,70268412.748042767,0.7735864708714327,8.437996442391326,3.437996442391326,2.3935134564238214,Aave Ethereum USDT,10548798.62142550976896,6771170.52223618004632,1.00003,17282526
2023-05-16,66483826.18048808454272,55054686.78926976478992,66483826.18048808454272,0.8280914314379129,8.6802594647644532,3.6802594647644532,2.7427227199176387,Aave Ethereum USDT,558823.44,1214479.560245064,1.00002448,17275321
2023-05-15,67159644.458421754,54901820.3050250728,67159644.458421754,0.8174822953241593,8.6331399183452177,3.6331399183452177,2.6729403974203827,Aave Ethereum USDT,2110963.32054490148864,210093.3770911960816,1.0004,17268465
2023-05-14,65257025.40643418229344,53497280.50082522954432,65257025.40643418229344,0.8197934271081643,8.643437381539588,3.643437381539588,2.68811378052301,Aave Ethereum USDT,670002.467411723,2121150.8787216525,1.00044464,17261500
2023-05-13,66706137.736169751,53866582.2060364245,66706137.736169751,0.8075206275483194,8.5889286020027846,3.5889286020027846,2.6082827233304166,Aave Ethereum USDT,10002.137712330576,0,1.0005,17253189
2023-05-12,66698649.048884483192,53929675.554508207612,66698649.048884483192,0.8085572395174347,8.5935653490232463,3.5935653490232463,2.6150266633343646,Aave Ethereum USDT,6652724.252301309316,7863126.505308281384,1.000612,17245860
2023-05-11,67900684.0533905282,53562189.5646170224,67900684.0533905282,0.7888313690993289,8.5057198100300632,3.5057198100300632,2.4887394557535376,Aave Ethereum USDT,180997.09625004735,759714.35419327004471,1.0006,17240410
2023-05-10,68483593.66886229207288,54050118.77363898020333,68483593.66886229207288,0.7892418589332025,8.507578266356407,3.507578266356407,2.4913788221597031,Aave Ethereum USDT,279386.36723097921042,0,1.00074527,17231695
2023-05-09,68227340.1641348600703,54093830.41691607770586,68227340.1641348600703,0.792846830710127,8.5236250795830534,3.5236250795830534,2.5142265745470025,Aave Ethereum USDT,7989782.49226361108,4635475.638428258268,1.00114986,17225407
2023-05-08,64857918.656707463678,54533022.571043250842,64857918.656707463678,0.8408074711691903,8.7367952091472291,3.7367952091472291,2.8276367831089009,Aave Ethereum USDT,551493.034378758,3144545.328286563936,1.000994,17219156
2023-05-07,67512840.975776328,55789880.309169288,67512840.975776328,0.826359541426893,8.6726244461175103,3.6726244461175103,2.7313544902495398,Aave Ethereum USDT,450763.2,621051.52,1.002,17211186
2023-05-06,67658241.327542853824,55145934.559083224096,67658241.327542853824,0.8150660359632194,8.6224586607713525,3.6224586607713525,2.6572468666719696,Aave Ethereum USDT,0,410606.881612881,1.001696,17204887
2023-05-05,68016951.752122373,53542762.435200038,68016951.752122373,0.7871973244306602,8.4986278903349267,3.4986278903349267,2.4786804157934575,Aave Ethereum USDT,15379.8881580285,321856.6806486155,1.001,17197419
2023-05-04,68281648.8111373065,52456584.5616614865,68281648.8111373065,0.7682383989694371,8.4142374362990681,3.4142374362990681,2.3605459974637717,Aave Ethereum USDT,0,372566.47838715765824,1.0005,17190684
2023-05-03,68650437.73393237612544,50662305.02771496670976,68650437.73393237612544,0.7379749743776757,8.2797621102864289,3.2797621102864289,2.1782599987642741,Aave Ethereum USDT,0,971906.419621565876,1.00050496,17183012
2023-05-02,69598452.6228952704792,50600022.92097785305776,69598452.6228952704792,0.7270279871758578,8.2311318825490453,3.2311318825490453,2.1141431815910498,Aave Ethereum USDT,1650643.65425488,309933.11471981159536,1.00021424,17176373
2023-05-01,68257345.966799483648,50247964.7571385378944,68257345.966799483648,0.7361546811617793,8.2717157901415241,3.2717157901415241,2.1675851528209289,Aave Ethereum USDT,1209863.89659443,11903.1168037451747,1.0002752,17168419
2023-04-30,67064726.91629421068799,49544441.80574119975513,67064726.91629421068799,0.7387555885760829,8.2832930638263457,3.2832930638263457,2.182952701951464,Aave Ethereum USDT,435106.995720217821,5977251.90813509469613,1.00040591,17162145
2023-04-29,72641143.9437780557244,51473414.365460276308,72641143.9437780557244,0.70859862016076,8.1492915701206572,3.1492915701206572,2.0084025722106894,Aave Ethereum USDT,1997178.7317272445,3470700.566780410482,1.0009412,17154474
2023-04-28,74078425.959802587,49082300.3917259865,74078425.959802587,0.6625721288727122,7.9447500892984612,2.9447500892984612,1.7559895004057173,Aave Ethereum USDT,7379251.8457240932,52581.414,1.0005,17146758
2023-04-27,66723281.3203424952,49853950.0154198352,66723281.3203424952,0.7471747346487355,8.3206327158902185,3.3206327158902185,2.2328868308526908,Aave Ethereum USDT,8608418.221769558586,4026150.605031822,1.0002,17140885
2023-04-26,62124187.879486092505,49419806.09128108542,62124187.879486092505,0.7955002355467395,8.5354193601319577,3.5354193601319577,2.5310859855291619,Aave Ethereum USDT,5.69820241562365,3002851.423977073736,1.000007,17133283
2023-04-25,65128432.7130865598595,47085685.28675960950625,65128432.7130865598595,0.7229666571923887,8.2130869330896699,3.2130869330896699,2.0905953470172951,Aave Ethereum USDT,1329176.40020542053817,79811.420976,1.00008695,17126350
2023-04-24,63879221.13459957609816,45239187.22630203149016,63879221.13459957609816,0.708198791763268,8.1474712774973431,3.1474712774973431,2.0060815271408283,Aave Ethereum USDT,471794.18115247360635,25012.65604236395325,1.00014312,17119380
2023-04-23,63449414.91275267979975,46190592.12682937463225,63449414.91275267979975,0.7279908284472698,8.235452233063654,3.235452233063654,2.1198006083684086,Aave Ethereum USDT,2582614.79199113054,7417.39753955775975,1.00046175,17112426
2023-04-22,60853639.6135792505514,44137816.9642908950788,60853639.6135792505514,0.7253110453962348,8.2235620822099073,3.2235620822099073,2.1042488808169483,Aave Ethereum USDT,85886.0754104032,380848.3096876285082,1.0001866,17104881
2023-04-21,61127954.6615261667,41651945.488410048,61127954.6615261667,0.6813894840591765,8.0283750481037775,3.0283750481037775,1.8571387249754552,Aave Ethereum USDT,2264894.3947284216,1572105.09898243539,0.9999,17098172
2023-04-20,60444631.9126922094,47236775.92195894371,60444631.9126922094,0.7814883543370562,8.4730996841040859,3.4730996841040859,2.44264033668409,Aave Ethereum USDT,20016.169080345,245072.67977357791365,1.00017,17091029
2023-04-19,60704287.2229023809766,47359236.65063709060225,60704287.2229023809766,0.7801629640545306,8.4672338377071589,3.4672338377071589,2.4343963732816564,Aave Ethereum USDT,366148.1288963575,615306.9738906332,1.00080345,17083881
2023-04-18,60927329.41829653185,46424587.4049398111,60927329.41829653185,0.7619665566861111,8.3863940986233199,3.3863940986233199,2.3222021607161466,Aave Ethereum USDT,629557.3435500150912,1000.5626818311372,1.00045,17075485
2023-04-17,60302298.4846609577196,46243869.747580335606,60302298.4846609577196,0.7668674480018924,8.4081936968838953,3.4081936968838953,2.3521963157845205,Aave Ethereum USDT,157055.6338948997584,5291756.4273488669848,1.0005612,17069764
2023-04-16,65461872.480889885,45660496.497779163,65461872.480889885,0.6975128386544199,8.0999876053468753,3.0999876053468753,1.9460094385441115,Aave Ethereum USDT,380296.414053556,330830.525779754,1.001,17062769
2023-04-15,65408232.935873828,50726869.850131475,65408232.935873828,0.7755425819233498,8.4468030734128241,3.4468030734128241,2.4057914139448383,Aave Ethereum USDT,3614259.710416355,19729.763132079,1.001,17055708
2023-04-14,61809303.326653883,50438509.719721123,61809303.326653883,0.8160342700056068,8.626788823121262,3.626788823121262,2.6636034264222551,Aave Ethereum USDT,2864010.93632230588,2081191.7687523017,1.001,17048766
2023-04-13,61034949.74829285528,50694897.64614269676,61034949.74829285528,0.830588013182736,8.6915019988674052,3.6915019988674052,2.7595053690475147,Aave Ethereum USDT,7669023.16023683049,2797504.72674010866,1.00122,17041722
2023-04-12,56134475.6996266074,44832662.04098854146,56134475.6996266074,0.7986653742147048,8.5494676040408028,3.5494676040408028,2.5512408551073694,Aave Ethereum USDT,203703.209386461807,529945.00013349595,1.00087,17034176
2023-04-11,56448089.5344623972715,44565348.45805068546025,56448089.5344623972715,0.7894925909023524,8.5087259573116977,3.5087259573116977,2.4930094633113601,Aave Ethereum USDT,1710611.158082345581,99938.6758172311865,1.00070575,17027944
2023-04-10,54819936.8068010001,42334206.51792489396,54819936.8068010001,0.7722410674627572,8.4320787402806169,3.4320787402806169,2.3852808070959527,Aave Ethereum USDT,5338936.87947450526,5814844.90527929958,1.00046,17020804
2023-04-09,55302521.89104925696,41456027.43325594528,55302521.89104925696,0.7496227299530372,8.33157912879346,3.33157912879346,2.2476324470109684,Aave Ethereum USDT,627300.97916337444,358560.2381218524276,1.00064,17014105
2023-04-08,55032609.5422527922624,41618951.6935509475432,55032609.5422527922624,0.7562598255784483,8.3611016561601505,3.3611016561601505,2.2876433794661076,Aave Ethereum USDT,5397280.9017688874142,2101.4719567391147,1.0006868,17006422
2023-04-07,49634649.4951038309225,41369229.191354938976,49634649.4951038309225,0.8334747925526456,8.7042954085023181,3.7042954085023181,2.7786654058738995,Aave Ethereum USDT,39920.56295,155409.6985246535565,1.0006985,16999996
2023-04-06,49728015.73858652109,41394894.84052184477,49728015.73858652109,0.8324260324025239,8.6994974975274938,3.6994974975274938,2.7714720511779683,Aave Ethereum USDT,335051.5775274697,6249572.7950327231,1.00039,16992908
2023-04-05,55634953.2891936553,41511728.2276982495,55634953.2891936553,0.7461447484626782,8.3160802673506415,3.3160802673506415,2.2267686387512412,Aave Ethereum USDT,70042.0000040024,4335356.1590570546,1.0003,16985877
2023-04-04,59913782.374111429,39916498.5088806588,59913782.374111429,0.6662323246366844,7.9609515929309589,2.9609515929309589,1.7753649529752775,Aave Ethereum USDT,954131.32651312921,5109554.5684404613,1.0006,16978870
2023-04-03,64054945.26535741902,40412668.90089286389,64054945.26535741902,0.6309063060389357,7.8039704035209004,2.8039704035209004,1.5921056298237851,Aave Ethereum USDT,11186663.6985698891716,425303.48503982715,1.00041,16971879
2023-04-02,53300228.4732489736192,38068958.6108076608142,53300228.4732489736192,0.714236311949661,8.1743251544193611,3.1743251544193611,2.0404588876608489,Aave Ethereum USDT,535.07219371706,4947902.7741706442602,1.0005698,16964656
2023-04-01,58243235.80137044346,35217585.64129683624,58243235.80137044346,0.6046639606597575,7.6873642982156355,2.6873642982156355,1.462440191443113,Aave Ethereum USDT,1604.025944294534,350890.981078498878,1.00054,16956510
2023-03-31,58577916.433030453652,41133490.11578815983,58577916.433030453652,0.7022013178432911,8.1208740396282683,3.1208740396282683,1.9723205911731974,Aave Ethereum USDT,5047900.48023198601143,451864.24571023804757,1.000334,16950596
2023-03-30,53977925.92688534179257,40722022.97977982050625,53977925.92688534179257,0.7544199277856465,8.3529760188300137,3.3529760188300137,2.2765957570269567,Aave Ethereum USDT,4795865.45762942547561,2418443.5511008509375,1.00032221,16943438
2023-03-29,51587328.35150306224058,38207633.2925484488937,51587328.35150306224058,0.7406398918783167,8.2916242545969215,3.2916242545969215,2.1940450222737747,Aave Ethereum USDT,3251641.47214340432634,4187.70814883783599,1.00016843,16936305
2023-03-28,48341909.216469373148,36040066.645566507497,48341909.216469373148,0.7455242713766917,8.3133493448172857,3.3133493448172857,2.2231024858622301,Aave Ethereum USDT,1110049.58593161808,3327943.96309550566,1.000271,16927919
2023-03-27,50572113.94022370688,36167177.8556552093,50572113.94022370688,0.7151604913807805,8.1784251362887234,3.1784251362887234,2.045733235265878,Aave Ethereum USDT,5642409.7971958180822,796666.110295266798,1.00058,16921527
2023-03-26,45744336.866523776402,35524822.7817497261084,45744336.866523776402,0.7765949889142931,8.4514772905824507,3.4514772905824507,2.4123208361997908,Aave Ethereum USDT,499672.448666445728,269302.4148946573828,1.0009898,16915021
2023-03-25,45512734.593416864848,27209581.736766990704,45512734.593416864848,0.5978454597343111,7.6570610027322412,2.6570610027322412,1.4296445673786937,Aave Ethereum USDT,9481260.71405162724,32191.82619989937,1.001008,16907748
2023-03-24,36076138.18525287538,28333059.03626196559,36076138.18525287538,0.7853684030915452,8.4905000344464398,3.4905000344464398,2.467177074320296,Aave Ethereum USDT,1880724.65237491876,765776.02388685503,1.00133,16900240
2023-03-23,34996733.23095603816,27623362.6488410844,34996733.23095603816,0.7893126043092242,8.5078560200710932,3.5078560200710932,2.4917734061536745,Aave Ethereum USDT,1130328.9055938029488,5834022.3169014109682,1.00248,16893611
2023-03-22,39685782.54367660394878,29469917.51927388223534,39685782.54367660394878,0.7425812376722181,8.3002159277392707,3.3002159277392707,2.2055135968650549,Aave Ethereum USDT,888960.76358986446334,387932.49137487730926,1.00212494,16886477
2023-03-21,39171732.8191218142078,30287681.96700399663316,39171732.8191218142078,0.7732025056654875,8.4363271829123274,3.4363271829123274,2.3911897628744898,Aave Ethereum USDT,144821.61725596776,465763.8339601266356,1.00185812,16879388
2023-03-20,39511739.25965934666,32066956.54959407874,39511739.25965934666,0.8115804859629088,8.6069210391529076,3.6069210391529076,2.6345005749934879,Aave Ethereum USDT,4318369.05290949402,1639614.50966578674,1.00242,16871623
2023-03-19,36836942.9322199162,28410482.79539865376,36836942.9322199162,0.771249743706312,8.4276959872392692,3.4276959872392692,2.3791927056395782,Aave Ethereum USDT,3242717.83612689356496,2055075.94859018339051,1.00258,16864754
2023-03-18,35654769.44895077811638,28268118.73637411823085,35654769.44895077811638,0.7928285380402585,8.5236220993306642,3.5236220993306642,2.514222321525516,Aave Ethereum USDT,4007259.5768154738979,1826094.66923191246444,1.00278919,16858012
2023-03-17,33432913.22679700313564,27547621.66624361186156,33432913.22679700313564,0.8239671332070387,8.6620390453221891,3.6620390453221891,2.7156323188165107,Aave Ethereum USDT,1603753.62457927416156,1541467.36322027789744,1.00166972,16850876
2023-03-16,33379097.93227908996,25514667.76089448854,33379097.93227908996,0.7643905719878863,8.3960769856228555,3.3960769856228555,2.3355011256861371,Aave Ethereum USDT,1971872.38663840619,957981.63331849211,1.00239,16843783
2023-03-15,32382018.285675852,25539766.885641125,32382018.285675852,0.7887021327802353,8.5040790035402285,3.5040790035402285,2.4864103567679248,Aave Ethereum USDT,3147753.35724133257115,1855761.12402591816685,1.003,16836099
2023-03-14,31094779.18468352077367,25043347.9669290824633,31094779.18468352077367,0.8053875481214153,8.5781911849694555,3.5781911849694555,2.592699061629106,Aave Ethereum USDT,4343245.14373837744688,9523432.87185037384288,1.00323383,16829452
2023-03-13,36324772.767095865,32220107.259740235,36324772.767095865,0.8870009309163864,8.941103834690899,3.941103834690899,3.1452906357526,Aave Ethereum USDT,17088716.76411084464552,23956400.84075695506821,1.005,16822455
2023-03-12,43282476.335781567,41283630.715070826,43282476.335781567,0.9538185938067898,47.6243756341937803,42.6243756341937803,36.5836691332820587,Aave Ethereum USDT,28814697.82841484484842,14240476.66998021238715,1.007,16815366
2023-03-11,28771187.064269588,28767779.082769329,28771187.064269588,0.9998815488046202,80.8309183483409157,75.8309183483409157,68.2317994923553708,Aave Ethereum USDT,36912235.74194483011955,24851058.73901521568537,1.009,16808245
2023-03-10,16565353.579163043,10595429.014135199,16565353.579163043,0.6396138158779058,7.8427173144758275,2.8427173144758275,1.6364109503291839,Aave Ethereum USDT,9241101.0692128449,1228908.5725875508,1.003,16801137
2023-03-09,8516669.3142043689,6613288.8031361844,8516669.3142043689,0.7765111640657849,8.4510184863995749,3.4510184863995749,2.4116795401780017,Aave Ethereum USDT,718621.1986622031,10555.3781996157,0.9999,16794017
2023-03-08,7807932.9019500263868,6099296.2792898275622,7807932.9019500263868,0.7811665847905189,8.4717293393317499,3.4717293393317499,2.4407131826293159,Aave Ethereum USDT,281626.2548720912753,32529.20434331222655,0.99990205,16785473
2023-03-07,7558797.38608729564,6114180.14731665328,7558797.38608729564,0.8088826614892997,8.5949325792894739,3.5949325792894739,2.617016900551466,Aave Ethereum USDT,492757.88638191314,0.99997,0.99997,16778166
2023-03-06,7065675.1673456812,5301441.73513550523,7065675.1673456812,0.7503092923994502,8.3346264367533719,3.3346264367533719,2.2517460282206342,Aave Ethereum USDT,20001.700110001,305567.07809224705,0.99997,16772693
2023-03-05,7351791.9589613276,4531229.0067769184,7351791.9589613276,0.616343475450725,7.7392551910109125,2.7392551910109125,1.5194625977997467,Aave Ethereum USDT,7085836.89719305208,4756785.43266875448,1.0001,16765271
2023-03-04,5021890.07092913444,4503678.93435077596,5021890.07092913444,0.8968095419734107,8.985751724141541,3.985751724141541,3.2169589033156966,Aave Ethereum USDT,1094446.62124547784,1000160.04642342526,1.00004,16757585
2023-03-03,4927285.25318902866,4394860.3144183172,4927285.25318902866,0.8919435528060576,8.964161566152214,3.964161566152214,3.1822018268180708,Aave Ethereum USDT,351383.70892439618395,263739.04995759384,1.00006,16750962
2023-03-02,4838782.53876595168041,4107670.53346527526179,4838782.53876595168041,0.8489057940828367,8.772752912308269,3.772752912308269,2.8823170688094314,Aave Ethereum USDT,391200.2194923057579,12.98813162722515,1.00000359,16744243
2023-03-01,4447564.2979834168696,3854449.1339711462655,4447564.2979834168696,0.8666427005268486,8.8516148802252189,3.8516148802252189,3.0040747800783962,Aave Ethereum USDT,1280714.6261156976,1000100.0420612057,1.00010966,16737019
2023-02-28,4166493.948384065,3080335.3822159478,4166493.948384065,0.7393111379438404,8.2857446690590847,3.2857446690590847,2.1862139011256643,Aave Ethereum USDT,449839.3465347239,100010,1.0001,16729904
2023-02-27,3816019.582214,2842948.667586,3816019.582214,0.7450036894036487,8.3110620249373463,3.3110620249373463,2.2200341759288954,Aave Ethereum USDT,158035.806182,0,1,16722553
2023-02-26,3657739.374647,2782666.537132,3657739.374647,0.7607612932784608,8.3811166482821757,3.3811166482821757,2.314969832331406,Aave Ethereum USDT,101520.30724235044957,0,1,16715478
2023-02-25,3556360.15712890447205,2477114.25489495328449,3556360.15712890447205,0.696530763322565,8.095670718649505,3.095670718649505,1.9405933826565484,Aave Ethereum USDT,440878.99569040002539,100047.04929722921,1.00009649,16708295
2023-02-24,3215065.45183639867,2023157.079561989915,3215065.45183639867,0.6292739945329549,7.7967684826521826,2.7967684826521826,1.5839375739752098,Aave Ethereum USDT,296.211750109605,1620.75143920137104,1.000015,16700973
2023-02-23,3216645.1630831510712,402057.42605712089276,3216645.1630831510712,0.12499278150772132,5.5555209118573553,0.5555209118573553,0.0624922054109426,Aave Ethereum USDT,2771179.2444158961624,25469.63324585557568,1.00011452,16694468
2023-02-22,470915.57644210987188,378979.36661833858894,470915.57644210987188,0.8047713551580234,8.5766692354107946,3.5766692354107946,2.5904939709556427,Aave Ethereum USDT,48380.42404807232166,17330.38972174693598,1.00012342,16685584
2023-02-21,439839.1492887837568,291874.4516793983916,439839.1492887837568,0.6635936163285076,7.9492431069246706,2.9492431069246706,1.7613520680078935,Aave Ethereum USDT,3059.78591332630212,3467.2155520097368,1.00012342,16679564
2023-02-20,440187.6771792353168,381894.6954037749688,440187.6771792353168,0.867572436036812,8.8558289416617195,3.8558289416617195,3.0106519075396175,Aave Ethereum USDT,207939.43337817282628,7001.99621479743921,1.0000648,16673160
2023-02-19,239316.54723434378631,204222.51503393307546,239316.54723434378631,0.8533572684130116,8.7926625324863454,3.7926625324863454,2.9128185397784622,Aave Ethereum USDT,77385.52853790870321,7997.19339012792198,1.00028427,16665473
2023-02-18,169915.46983890090633,112052.32224216713067,169915.46983890090633,0.6594592143281915,7.9309148534036188,2.9309148534036188,1.7395280302751462,Aave Ethereum USDT,761925.87348243,618654.164606,1.00028481,16657913
2023-02-17,26591.97230313169,21778.9556196121,26591.97230313169,0.8190049001008937,8.6399911530819049,3.6399911530819049,2.6830309578891935,Aave Ethereum USDT,714230.18703308909,709672.03803159664,1.00009,16648682
2023-02-16,22031.53905207528,17226.30927031378,22031.53905207528,0.7818931409919423,8.4750378608779897,3.4750378608779897,2.4453673472434336,Aave Ethereum USDT,3068.97264183344107,198.1061737278,1.00009,16644687
2023-02-15,19162.3961181812679,12663.1880009399076,19162.3961181812679,0.6608353111396693,7.9370286143786289,2.9370286143786289,1.7467927590399669,Aave Ethereum USDT,6499.32042141673044,7631.42076670931809,1.00023313,16636858
2023-02-14,20296.1884782996,4455.826172822,20296.1884782996,0.2195400470184886,5.9757323157659765,0.9757323157659765,0.1927908442860821,Aave Ethereum USDT,14658.319982814,30.012490196,1.0004,16630040
2023-02-13,5668.32991321487688,598.3459429783696,5668.32991321487688,0.1055594773309532,5.4691528112464637,0.4691528112464637,0.0445711329608431,Aave Ethereum USDT,255696.06985380084,250030,1.00051084,16622381
