datetime,totalValueLockedUSD,totalBorrowBalanceUSD,totalDepositBalanceUSD,utilizationRate,borrowerStableRate,borrowerVariableRate,lenderVariableRate,market,dailyDepositUSD,dailyWithdrawUSD,inputTokenPriceUSD,blockNumber,maximumLTV,totalCollateralBalanceUSD
2023-11-02,349905774.9242791,320454207.0602986,349905774.9242791,0.915830003462064,14.376319616866605,12.876319616866605,10.610917621986957,Aave Ethereum USDC,15527799.844858492,15492470.627212835,0.99997427,18486093,77,416174294.8835047
2023-11-01,349803718.0859656,317755081.6603681,349803718.0859656,0.908381086967974,9.915852452681287,8.415852452681287,6.878897120053218,Aave Ethereum USDC,3481901.2902512983,14016929.58251838,0.99991586,18480554,77,412668937.22125727
2023-10-31,360330806.27672887,323546502.947785,360330806.27672887,0.8979151860229956,4.998747886282147,3.491235203975032,2.8208188091641166,Aave Ethereum USDC,21796564.782204047,6416414.424969119,1.00001048,18473510,77,420190263.56855196
2023-10-30,344908613.9412693,310255486.53581846,344908613.9412693,0.8995295391162613,4.999645724288658,3.497520070020604,2.8309839367312892,Aave Ethereum USDC,8510643.217343925,10613012.118248643,0.999985,18466363,77,402929203.2932707
2023-10-29,346982752.3114456,313870682.981804,346982752.3114456,0.9045714257868336,7.65255603943039,6.152556039430389,5.008050391459103,Aave Ethereum USDC,1698996.9720138365,4358950.953912343,1.00006998,18459254,77,407624263.61273247
2023-10-28,349577258.3172861,315409698.64603275,349577258.3172861,0.9022603477247884,6.273317002733962,4.773317002733962,3.87550369076304,Aave Ethereum USDC,7724292.184719165,4398039.074945909,0.99999137,18452123,77,409622985.254588
2023-10-27,346178124.4853708,312746781.80392635,346178124.4853708,0.9034273389425066,6.982818140851108,5.482818140851108,4.457389840998398,Aave Ethereum USDC,18288503.72173659,13726550.764372721,0.99995047,18444782,77,406164651.6934109
2023-10-26,341590377.0289844,311697885.7765251,341590377.0289844,0.9124902419311336,12.426798394926111,10.926798394926111,8.972433393061829,Aave Ethereum USDC,22754908.091329608,25753471.49302564,0.99999996,18437684,77,404802449.0604222
2023-10-25,344557418.5340957,305184990.04539424,344557418.5340957,0.8857304287447658,4.992019911308275,3.444139379157925,2.745227946023924,Aave Ethereum USDC,24320662.273121048,16471049.560671668,1.0000404,18430661,77,396344142.91609645
2023-10-24,336656520.61495095,307387295.8176964,336656520.61495095,0.913059088403248,12.784814797359951,11.284814797359951,9.272475275691495,Aave Ethereum USDC,29686871.943643205,31086933.62022668,0.99993008,18423538,77,399204280.2827226
2023-10-23,338059301.2372731,307795144.5788185,338059301.2372731,0.9104767815951524,11.247404030254653,9.747404030254655,7.98674122134097,Aave Ethereum USDC,24294594.033298504,29351812.54347117,0.99984995,18416392,77,399733953.9984656
2023-10-22,343113558.2296455,309249354.7337074,343113558.2296455,0.9013032196376431,5.75360365343661,4.25360365343661,3.450227256163905,Aave Ethereum USDC,2309508.865041748,2968780.3418149324,0.99999963,18409194,77,401622538.61520445
2023-10-21,343720900.6669885,301069210.29308945,343720900.6669885,0.8759118508908429,4.986596469329265,3.406175285304853,2.685041245748426,Aave Ethereum USDC,15157114.957396258,7317299.483961417,0.99992513,18402039,77,390998974.40660965
2023-10-20,335920970.0585552,299417436.9588838,335920970.0585552,0.8913329730700995,4.995168034063196,3.466176238442369,2.7804702714038334,Aave Ethereum USDC,12927601.601698477,8933849.579904376,0.99996763,18394943,77,388853814.2323167
2023-10-19,331919386.08493674,297962074.1111154,331919386.08493674,0.8976940986353481,4.998707872216009,3.490955105512063,2.820366204127885,Aave Ethereum USDC,2082296.8770357885,1316504.343974516,1.000055,18387789,77,386963732.61183816
2023-10-18,331174353.10736585,295692764.4286772,331174353.10736585,0.8928613029790214,4.996027706629759,3.472193946408314,2.790133128341251,Aave Ethereum USDC,6788522.65078839,1617169.095485113,0.99997053,18380617,77,384016577.18010026
2023-10-17,325998834.9442321,294220739.06000423,325998834.9442321,0.9025208298990882,6.512308135152116,5.012308135152116,4.071339821026233,Aave Ethereum USDC,7260106.359380944,5492612.124586088,0.99998593,18373253,77,382104855.92208344
2023-10-16,324200988.2233733,293269555.6740568,324200988.2233733,0.904591800540704,7.716654179535895,6.216654179535896,5.060822634763424,Aave Ethereum USDC,3073495.284774028,3289582.0646265205,1.000073,18366348,77,380869552.82345045
2023-10-15,324381472.4068351,293918027.89733094,324381472.4068351,0.9060875940802892,8.6202904417753,7.120290441775301,5.806101536981528,Aave Ethereum USDC,430420.14356133813,3238105.0280514276,1.0000662,18359211,77,381711724.54198825
2023-10-14,327165723.1625121,293843981.490115,327165723.1625121,0.8981502666284961,4.998948821971984,3.492641753803889,2.8230921715815964,Aave Ethereum USDC,9265966.174094345,2335240.089312865,1.0001,18352010,77,381615560.3767727
2023-10-13,320231136.5135029,286998050.2760822,320231136.5135029,0.8962215648383106,4.997881664210162,3.485171649471135,2.8110289586527584,Aave Ethereum USDC,4559767.157121536,3680989.98733685,1.00017558,18344734,77,372724740.61828864
2023-10-12,319297310.1072436,288080842.23648894,319297310.1072436,0.9022338526426364,6.325466679971602,4.825466679971602,3.9182220037264215,Aave Ethereum USDC,7404662.323961493,8608347.249465441,1.00010436,18337680,77,374130963.9434921
2023-10-11,320439524.5690352,290888254.95230705,320439524.5690352,0.9077789493775084,9.660671440498664,8.160671440498666,6.667195179280957,Aave Ethereum USDC,9281384.550352478,10523594.53886678,0.99996999,18330568,77,377776954.4835156
2023-10-10,321624378.1702491,289634619.0300556,321624378.1702491,0.9005368954860129,5.321832496695322,3.8218324966953214,3.097529307164755,Aave Ethereum USDC,6413221.37751946,13642322.5261379,0.99989658,18323449,77,376148855.8831891
2023-10-09,328777336.757884,296575107.77838254,328777336.757884,0.902054596289842,6.198779086005672,4.698779086005672,3.8144602568116905,Aave Ethereum USDC,6278415.147518028,3662719.3009903585,0.999846,18316322,77,385162477.63426304
2023-10-08,326181260.4978044,290455673.7264271,326181260.4978044,0.8904732089242208,4.99468073752488,3.462765162674161,2.775000423766327,Aave Ethereum USDC,11562265.310958061,4328833.062434989,0.99999176,18309119,77,377215160.68367153
2023-10-07,318955774.7987294,286949139.9487857,318955774.7987294,0.8996518095019889,4.999784026191209,3.498488183338462,2.8325513859590488,Aave Ethereum USDC,2103083.3350704443,1188048.1037325156,1.000106,18302009,77,372661220.7127087
2023-10-06,317966073.6197923,285727731.7225268,317966073.6197923,0.8986107494731826,4.999210693356446,3.494474853495119,2.8260563275385375,Aave Ethereum USDC,4829699.019186789,2136691.936974283,0.99996246,18294808,77,371074976.2630218
2023-10-05,315249436.3609526,284312837.35925525,315249436.3609526,0.9018662829066068,6.107478693967863,4.607478693967863,3.7397117688436894,Aave Ethereum USDC,2900926.6100721476,6415623.527788861,1.00000144,18287740,77,369237451.1159159
2023-10-04,318719501.9081383,280910934.4754771,318719501.9081383,0.8813735362715319,4.989647027210784,3.4275291904754854,2.718812755647099,Aave Ethereum USDC,16227551.243243085,2912736.097937092,0.99997235,18280431,77,364819395.42269754
2023-10-03,305354658.7985269,272910066.1302944,305354658.7985269,0.8937478380192672,4.996526360304266,3.47568452212986,2.795745756249197,Aave Ethereum USDC,5843712.275355236,10175655.833423993,0.99989959,18273397,77,354428657.3120706
2023-10-02,309644819.80740064,278033190.93887013,309644819.80740064,0.8979100348321895,4.998804488415923,3.4916314189114575,2.821459106308288,Aave Ethereum USDC,18327102.46976065,10988107.329890592,1.00000684,18266220,77,361082066.1543768
2023-10-01,302320575.41993994,266918412.8567732,302320575.41993994,0.8828986002226572,4.99047293875667,3.43331057129669,2.7279923994205317,Aave Ethereum USDC,503402.8026869992,400103.9035975672,1.0000266,18259108,77,346647289.4243808
2023-09-30,302227485.14871216,272463385.1171987,302227485.14871216,0.9015175604665212,5.886912782502731,4.386912782502731,3.5592355673610014,Aave Ethereum USDC,4385639.282718041,3215068.06960675,1.00014969,18251856,77,353848552.10025805
2023-09-29,301004605.0795755,274448444.20742506,301004605.0795755,0.9117749016991622,12.04755839513935,10.54755839513935,8.655024100636703,Aave Ethereum USDC,3810681.8839727794,8307470.871885341,1.00008539,18244790,77,356426550.91873384
2023-09-28,305471743.3794915,275359783.13491863,305471743.3794915,0.9014247278277244,5.846965931164727,4.346965931164727,3.5265650023148742,Aave Ethereum USDC,2860206.4420354143,4404486.750177836,1.00013941,18237597,77,357610107.96742684
2023-09-27,306948963.0472078,276132899.02072954,306948963.0472078,0.8996052512425695,4.999779471419262,3.4984562999348356,2.832499757391008,Aave Ethereum USDC,691531.5746643052,1895303.4840420936,1.00002953,18230133,77,358614154.5723761
2023-09-26,308102471.3170305,277779543.92937124,308102471.3170305,0.9015816807374528,5.9005926771434964,4.4005926771434964,3.5704247807964222,Aave Ethereum USDC,847272.8061756116,609838.5739257274,1.00004307,18223246,77,360752654.45372885
2023-09-25,307870007.2987638,277501863.30645573,307870007.2987638,0.9013604986768388,5.77367868070084,4.27367868070084,3.466639412492816,Aave Ethereum USDC,10479534.31608136,7551219.221162099,1.00000399,18216230,77,360392030.2681243
2023-09-24,304917146.40672624,274472503.87254035,304917146.40672624,0.900154376711974,5.055713435852658,3.5557134358526574,2.880425034559281,Aave Ethereum USDC,2065590.5339662228,1367975.5189967568,1.00002414,18208979,77,356457797.2370654
2023-09-23,304212309.66351247,275079296.4873248,304212309.66351247,0.90423460112968,7.509595279545219,6.009595279545218,4.890394654349913,Aave Ethereum USDC,1930893.0010901096,1401150.5934012353,1.0001,18201883,77,357245839.5939283
2023-09-22,303678342.3394352,274482333.8340205,303678342.3394352,0.903858772803821,7.291960405359414,5.791960405359414,4.711400344218865,Aave Ethereum USDC,1877984.2654544737,3539121.004074997,1.0001,18194797,77,356470563.4208059
2023-09-21,305266762.23982984,271244894.7714998,305266762.23982984,0.8885503707684983,4.993623601114972,3.4553652078048,2.7631527036112593,Aave Ethereum USDC,11257160.172146078,6729339.045737194,0.99996382,18187587,77,352266097.1058439
2023-09-20,300726512.6514813,270128125.22213703,300726512.6514813,0.8982517797996565,4.999019591772537,3.4931371424077677,2.8238930707119,Aave Ethereum USDC,10122659.539272472,660251.2495706717,1.00004374,18180492,77,350815747.0417364
2023-09-19,291631477.247346,262018298.3394096,291631477.247346,0.8984568497630999,4.999138630058512,3.4939704104095837,2.8252404786692416,Aave Ethereum USDC,7307866.954345918,1903282.811729662,0.99996293,18173374,77,340283504.3368956
2023-09-18,286208782.1464405,258557239.1672516,286208782.1464405,0.9033868116421364,6.995609722690034,5.495609722690034,4.467894513670993,Aave Ethereum USDC,6911850.010719024,4851951.737020496,1.00006729,18166222,77,335788622.295132
2023-09-17,284100933.9160293,255857248.3622036,284100933.9160293,0.9005857349199226,5.321412903001692,3.821412903001692,3.0971868285534536,Aave Ethereum USDC,4090717.48071582,3749058.3174342182,1.00000954,18159124,77,332282140.73013455
2023-09-16,283747668.69712967,255617575.06070733,283747668.69712967,0.9008622916072372,5.49215669792813,3.9921566979281304,3.236594075308882,Aave Ethereum USDC,1948668.5757746329,1186329.9098624869,1.00004962,18152039,77,331970876.7022173
2023-09-15,282963560.08484566,255709193.87464023,282963560.08484566,0.9036824169089712,7.190671343300005,5.690671343300005,4.628143374026863,Aave Ethereum USDC,8504073.703823425,9314978.136592353,1.00007339,18144813,77,332089862.17485744
2023-09-14,283759276.7113284,254238484.266788,283759276.7113284,0.8959653661840553,4.997745695574019,3.484219869018133,2.8094938164243413,Aave Ethereum USDC,9954769.589785913,7705237.066513032,1.0000986,18137918,77,330179849.6971273
2023-09-13,281435676.6963525,254022988.41756403,281435676.6963525,0.90259696780247,6.549851228987744,5.049851228987744,4.10211927268025,Aave Ethereum USDC,3307814.9487655573,4168811.6524990345,0.99993156,18130793,77,329899984.9578754
2023-09-12,282317599.7921905,254068531.90384275,282317599.7921905,0.8999386934815915,4.999964836604372,3.4997538562306043,2.834601261115085,Aave Ethereum USDC,3219941.6025485974,1572277.3522639277,1.00012432,18123527,77,329959132.3426529
2023-09-11,280597503.1011668,253000361.32939,280597503.1011668,0.9016486552204748,5.954018928169424,4.454018928169424,3.6141291593630815,Aave Ethereum USDC,2477811.2518848567,1266754.3330087804,1.00002399,18116435,77,328571897.83037657
2023-09-10,279406251.35297155,251801042.15381336,279406251.35297155,0.9012004596694412,5.690500296822814,4.190500296822814,3.398645552974668,Aave Ethereum USDC,5206343.001802061,1733876.3748357156,1.000187,18109388,77,327014340.45949787
2023-09-09,275872485.3354317,246330193.0428248,275872485.3354317,0.8929132339650085,4.996039619114758,3.472277333803307,2.790267144315372,Aave Ethereum USDC,1704999.8341262096,746434.8605672705,1.00004406,18102174,77,319909341.6140582
2023-09-08,274924851.0111976,246081526.06482032,274924851.0111976,0.8950865124040659,4.997251139935743,3.4807579795501984,2.803913614538265,Aave Ethereum USDC,3191719.8951716465,5262618.687231128,1.00011773,18094977,77,319586397.48677963
2023-09-07,276953726.3538545,246205632.0043208,276953726.3538545,0.8889775026523821,4.993862279674925,3.4570359577244765,2.765825447579997,Aave Ethereum USDC,3481993.0490383655,1598585.307146787,1.00005195,18087915,77,319747574.03158545
2023-09-06,275014195.3972706,246216407.61048952,275014195.3972706,0.89528617697286,4.997371621460242,3.481601350221696,2.8052725283174524,Aave Ethereum USDC,3519233.293337852,1024275.512401239,0.99993411,18080778,77,319761568.32531106
2023-09-05,272497661.7609673,247854949.07455307,272497661.7609673,0.9095672508631262,10.735581825254641,9.235581825254643,7.5602784313501346,Aave Ethereum USDC,1824805.8672573369,6876126.926597994,0.99994253,18073510,77,321889544.2526663
2023-09-04,277493802.60632074,247413403.93862864,277493802.60632074,0.8915997460657993,4.995270407487668,3.466892852413673,2.781620085884223,Aave Ethereum USDC,1433602.55711922,1369476.486002975,0.99996917,18066515,77,321316109.01120603
2023-09-03,277454619.0094173,247753515.95055407,277454619.0094173,0.8929514917974565,4.9960255773006885,3.472179041104825,2.7901091736357078,Aave Ethereum USDC,4670581.152403776,4048318.9944492583,1.00013747,18059195,77,321757812.9227975
2023-09-02,276825296.8699131,243364306.184213,276825296.8699131,0.8791259647725612,4.988349476803298,3.418446337623087,2.7044222983425845,Aave Ethereum USDC,3268001.4557990404,913650.1986782996,1.00018459,18052223,77,316057540.49897796
2023-09-01,274417699.48443425,241679497.1254648,274417699.48443425,0.8806993775529903,4.989227055099294,3.4245893856950573,2.714150883742387,Aave Ethereum USDC,6829661.772916261,6122729.780008735,1.00006557,18045110,77,313869476.7863179
2023-08-31,273672527.006122,243674416.186087,273672527.006122,0.890386838795244,4.994612424146284,3.462286969023988,2.7742340443592526,Aave Ethereum USDC,4658100.546953896,5987187.925026156,1.0,18037984,77,316460280.76115197
2023-08-30,274991539.2915758,246844593.76419872,274991539.2915758,0.8976443217129941,4.998649693375779,3.490547853630454,2.819708199420622,Aave Ethereum USDC,1756259.6359706637,7930032.836729366,1.00006415,18030834,77,320577394.49895936
2023-08-29,281152329.9276753,248077109.32835487,281152329.9276753,0.8823583620742931,4.990163996546124,3.431147975822865,2.7245568314041733,Aave Ethereum USDC,13279257.521527179,11164760.436838277,1.000109,18023647,77,322178064.06279856
2023-08-28,279002730.2014751,253349930.51139343,279002730.2014751,0.9080553811371054,9.802610003889459,8.302610003889459,6.784925399945071,Aave Ethereum USDC,2849360.8407325214,9268144.556838954,1.000128,18016390,77,329025883.7810305
2023-08-27,285408628.7516887,251856949.5471048,285408628.7516887,0.882443360765471,4.990224142326029,3.4315689962822007,2.7252255082167536,Aave Ethereum USDC,6004858.196501581,7736397.195888773,1.000173,18009339,77,327086947.4637725
2023-08-26,287129161.3688389,248448816.7407384,287129161.3688389,0.8652859067198237,4.9806966472172896,3.3648765305210313,2.620325483765004,Aave Ethereum USDC,701572.1556682104,2015021.7021877768,1.0002155,18002249,77,322660800.9619979
2023-08-25,288366167.98007566,247620025.53126508,288366167.98007566,0.8586999898974769,4.977041810025277,3.3392926701769383,2.5806311957282615,Aave Ethereum USDC,1124107.4921344165,8746125.259683494,1.00002195,17995062,77,321584448.7419027
2023-08-24,295986908.3492521,245520480.7399453,295986908.3492521,0.8294977710643927,4.960822611318829,3.2257582792318047,2.408133813024672,Aave Ethereum USDC,2511388.9695766894,1201640.2798573596,1.000086,17987983,77,318857767.19473416
2023-08-23,294656750.2931734,243314978.81279925,294656750.2931734,0.8257573551962043,4.958748019253062,3.2112361347714367,2.386500110212016,Aave Ethereum USDC,4725747.145154738,6831098.170635179,1.00007179,17980730,77,315993478.9776614
2023-08-22,296731649.0991859,242482698.32952848,296731649.0991859,0.8171784137811196,4.953985256410012,3.177896794870083,2.337203631847112,Aave Ethereum USDC,6708200.398712982,6720916.043353705,1.00002433,17973671,77,314912595.2331539
2023-08-21,296716208.6434696,259465064.42818752,296716208.6434696,0.8744553107307912,4.985777937550673,3.400445562854708,2.6760155202885714,Aave Ethereum USDC,13225691.999423806,3428053.5730039775,0.999997,17966482,77,336967616.1405032
2023-08-20,286928321.4492736,258052096.80746913,286928321.4492736,0.899360842122692,4.999616678550302,3.497316749852112,2.8306548010071064,Aave Ethereum USDC,3752262.2912637857,414243.45917938306,1.000105,17959367,77,335132593.2564534
2023-08-19,283571582.2331484,245018421.02023116,283571582.2331484,0.8640443414346809,4.980001201721802,3.36000841205261,2.612749082440596,Aave Ethereum USDC,7390013.636223139,6461106.012464745,1.00011425,17952091,77,318205741.5847158
2023-08-18,282672976.4387536,245616893.0102994,282672976.4387536,0.8689082914988759,4.98270696930196,3.378948785113721,2.6422882465318316,Aave Ethereum USDC,12012143.399179984,6287196.562007096,0.999997,17945099,77,318982977.9354538
2023-08-17,276927124.858536,252770576.64225104,276927124.858536,0.9127692954288068,12.64389507116048,11.14389507116048,9.15432915455195,Aave Ethereum USDC,8756312.833695626,10896541.673991589,0.99995969,17937945,77,328273476.15876764
2023-08-16,279063592.87943715,251166388.1219453,279063592.87943715,0.9000328044599347,5.007834419743808,3.5078344197438085,2.841387102763339,Aave Ethereum USDC,10030741.882640472,4993528.783392459,1.00003772,17930719,77,326190114.44408476
2023-08-15,273974959.8611023,248555795.72260407,273974959.8611023,0.9072208491192588,9.325650911995968,7.825650911995969,6.389553789723391,Aave Ethereum USDC,6822704.0738752335,7262164.29369533,0.99994,17923665,77,322799734.7046806
2023-08-14,274366017.67506653,251109436.27179936,274366017.67506653,0.915235197127036,14.073878414453354,12.573878414453354,10.35598228160352,Aave Ethereum USDC,8554673.450047188,8443696.368974416,0.9999094,17916450,77,326116151.0023368
2023-08-13,274332767.96336865,249348760.56332412,274332767.96336865,0.9089280963935716,10.300310045646292,8.800310045646293,7.198217694583109,Aave Ethereum USDC,14491853.74677321,16071595.804423066,1.000361,17909275,77,323829559.1731482
2023-08-12,275829614.6955976,249633104.58020785,275829614.6955976,0.9050264775075008,7.9682248245199165,6.468224824519916,5.268060826103206,Aave Ethereum USDC,8337809.842544514,6232478.559888393,1.0001992,17902142,77,324198837.1171531
2023-08-11,273607355.6867451,249750785.08076143,273607355.6867451,0.9128072761563576,12.646124511247995,11.146124511247995,9.156197837857187,Aave Ethereum USDC,9179240.997611633,8693874.001978358,0.999941,17895060,77,324351668.9360538
2023-08-10,273094076.039408,248203131.2048621,273094076.039408,0.9088557862714164,10.2859026656089,8.7859026656089,7.186243298623093,Aave Ethereum USDC,15294315.6926512,19139747.98131484,1.00001281,17887837,77,322341728.8374832
2023-08-09,276978847.83238834,252642032.02868068,276978847.83238834,0.9121347496598914,12.26224560833914,10.76224560833914,8.834656049112246,Aave Ethereum USDC,9457010.922698656,12260241.941806398,1.00029938,17880768,77,328106535.10218275
2023-08-08,279690544.49143386,253402331.46743488,279690544.49143386,0.9060096469410532,8.597169580749279,7.097169580749277,5.78700194419485,Aave Ethereum USDC,21961533.018328447,22852687.92340196,1.0001326,17873537,77,329093936.97069466
2023-08-07,280504880.25145775,250672555.01495785,280504880.25145775,0.8936477496942056,4.996403741483464,3.474826190384245,2.79436508949658,Aave Ethereum USDC,29601864.201110996,14441340.046152849,1.000197,17866473,77,325548772.7466985
2023-08-06,265270033.6052972,240655990.01331124,265270033.6052972,0.9072113677619166,9.260465320168732,7.760465320168732,6.3355716993841,Aave Ethereum USDC,3203348.4636705294,6221288.851320518,1.000109,17859254,77,312540246.77053404
2023-08-05,268229949.62628025,239961977.5155968,268229949.62628025,0.8946129164544501,4.996952836048649,3.478669852340548,2.800550455052068,Aave Ethereum USDC,9370066.014021927,4416972.5225658,0.99995099,17852200,77,311638931.8384374
2023-08-04,263262276.64912137,240259409.01137272,263262276.64912137,0.912623760872481,12.524132451823878,11.024132451823878,9.0539678350783,Aave Ethereum USDC,7852643.3309824625,7762455.437557664,1.00007413,17845010,77,312025206.5082762
2023-08-03,263237673.1032555,240075392.6912405,263237673.1032555,0.9120100092856788,12.166648727126844,10.666648727126844,8.754651655757202,Aave Ethereum USDC,16227928.202208227,13676523.888596162,1.0000991,17837894,77,311786224.2743383
2023-08-02,260614367.001488,239907332.03891492,260614367.001488,0.920545305307536,17.301719657522785,15.801719657522783,13.090975410593872,Aave Ethereum USDC,29257263.73312246,30224985.248662595,1.000064,17830735,77,311567963.6869025
2023-08-01,261516545.0347981,239047875.23700744,261516545.0347981,0.9140831804932232,13.43848794048004,11.93848794048004,9.821289411558794,Aave Ethereum USDC,40267029.258793734,34343834.38464956,1.00003977,17823511,77,310451786.02208763
2023-07-31,255480534.9070204,234464248.63987577,255480534.9070204,0.9177382093912037,15.590003293472808,14.090003293472808,11.636722439637355,Aave Ethereum USDC,76065811.38029309,60377865.967315115,0.99996363,17816424,77,304499024.2076309
2023-07-30,239727044.2598911,229537668.77471533,239727044.2598911,0.9574959282686132,39.45988214267145,37.95988214267145,32.70964413274311,Aave Ethereum USDC,7293247.0328763295,49860798.9439531,1.0000197,17809266,77,298100868.5385914
2023-07-29,282232460.0951005,251668074.7396019,282232460.0951005,0.891704925276137,4.99537662909448,3.467636403661357,2.782813372765129,Aave Ethereum USDC,4276269.470178256,3627472.4888314344,1.00002832,17801846,77,326841655.5059765
2023-07-28,281554676.582027,251059120.462696,281554676.582027,0.8916886890690783,4.995371682088697,3.467601774620881,2.7827577927304703,Aave Ethereum USDC,16740386.685944391,15549039.68683526,1.0,17794849,77,326050805.7957091
2023-07-27,280322197.92521733,250057167.33855435,280322197.92521733,0.8920348412980947,4.995568100146025,3.4689767010221746,2.784964992945743,Aave Ethereum USDC,14224191.463843929,14886795.75282574,0.99992892,17787789,77,324749567.9721485
2023-07-26,280977293.393516,251177675.125781,280977293.393516,0.8939429663236172,4.9966335506248205,3.47643485437375,2.7969529800945017,Aave Ethereum USDC,3157531.2162961494,1434347.132968414,1.0,17780681,77,326204772.8906247
2023-07-25,279205458.57296586,249099349.86342052,279205458.57296586,0.8921722058608051,4.995579581186163,3.469057068303143,2.7850940354133247,Aave Ethereum USDC,14028017.878156144,17992252.96101186,1.000057,17773253,77,323505649.1732734
2023-07-24,283106516.5779897,247360771.4691369,283106516.5779897,0.8737374697660635,4.985344375133838,3.3974106259368657,2.6712409024557906,Aave Ethereum USDC,6819964.509740112,7230506.982708534,0.99990877,17766315,77,321247755.1547232
2023-07-23,283517181.5318556,245126500.20507592,283517181.5318556,0.8645913410984368,4.980267816876673,3.361874718136721,2.615652375017701,Aave Ethereum USDC,20250969.65436177,20196063.88174943,0.99998142,17759193,77,318346104.16243625
2023-07-22,283449659.14458597,244486273.1400329,283449659.14458597,0.8625386034255978,4.979131325632325,3.353919279426279,2.6032878204728296,Aave Ethereum USDC,6692961.181626432,5229390.875351642,1.00000806,17752076,77,317514640.44160116
2023-07-21,281963392.235972,243088275.976999,281963392.235972,0.8621270798641874,4.978906285947247,3.352344001630724,2.600842956362369,Aave Ethereum USDC,14171668.120588263,7558059.702017684,1.0,17744818,77,315699059.71038836
2023-07-20,275320337.87633324,248577644.5700397,275320337.87633324,0.9028669893674702,6.663006153320651,5.163006153320651,4.194914150693633,Aave Ethereum USDC,9039752.82427934,5859745.766036369,0.99996753,17737801,77,322828109.8312204
2023-07-19,272085838.74763346,245700263.8169427,272085838.74763346,0.90302481359508,6.762915176204762,5.262915176204762,4.2768784022786726,Aave Ethereum USDC,5622990.961410388,10095043.333988244,0.99986646,17730663,77,319091251.71031517
2023-07-18,276540108.5580597,244584072.84323317,276540108.5580597,0.8844433963613731,4.99131596138425,3.4392117296897498,2.737378180149944,Aave Ethereum USDC,28989649.096035615,18642223.535706583,0.99989191,17723525,77,317641653.04315996
2023-07-17,266165759.38803163,239557407.47299728,266165759.38803163,0.9000308981282481,4.999978071181039,3.499846498267272,2.8347513326460816,Aave Ethereum USDC,30489335.655546825,27751946.894493982,0.99987665,17716400,77,311113516.1986978
2023-07-16,263422520.57149053,236361156.5184424,263422520.57149053,0.8972701195238015,4.99844852080702,3.489139645649146,2.8174335223259783,Aave Ethereum USDC,13421599.124642525,15904769.497072617,0.99990869,17709237,77,306962540.93304205
2023-07-15,265909091.578627,232151042.678394,265909091.578627,0.873046654028183,4.984996525849579,3.394975680947052,2.667413285177068,Aave Ethereum USDC,28346642.815274257,23120162.480613843,1.0,17702101,77,301494860.62129086
2023-07-14,260644389.26659843,230150412.8273101,260644389.26659843,0.883005436928482,4.990532422233802,3.4337269556366112,2.7286541293574373,Aave Ethereum USDC,59164641.92402161,56941015.584743135,0.99993065,17695091,77,298896640.0354676
2023-07-13,258389341.44983885,231611573.6322767,258389341.44983885,0.8963665928814618,4.997965085883949,3.485755601187643,2.8119710314516944,Aave Ethereum USDC,50637887.6892708,40633123.94609376,0.99999669,17687999,77,300794251.47048926
2023-07-12,248323163.81596676,219918287.53977832,248323163.81596676,0.8856132636211118,4.992000474146871,3.444003319028096,2.7450110507988565,Aave Ethereum USDC,11154423.500871507,8963328.83071476,0.99993109,17680815,77,285608165.63607574
2023-07-11,246132875.42966527,215371507.04012576,246132875.42966527,0.8750212935356949,4.986120060978628,3.4028404268503927,2.679786173197704,Aave Ethereum USDC,11397884.206357693,13772260.606829144,1.0000095,17673765,77,279703255.8962672
2023-07-10,248484508.14363652,209514746.4618728,248484508.14363652,0.8431702564763625,4.968403644775913,3.278825513431389,2.488018390142335,Aave Ethereum USDC,35909671.194413744,35703260.71340867,1.00004662,17666220,77,272097073.3271075
2023-07-09,248259219.9041082,209129734.23058003,248259219.9041082,0.8423845620370427,4.967970484689372,3.275793392825603,2.4834188872882,Aave Ethereum USDC,28743771.466179468,25693296.130510345,1.00003476,17659500,77,271597057.4423117
2023-07-08,245182117.943047,208764202.043818,245182117.943047,0.8514658564631191,4.973019037626924,3.3111332633884643,2.53729109291806,Aave Ethereum USDC,7048278.880075817,5562385.868782,1.0,17651957,77,271122340.31664675
2023-07-07,243678186.2274308,212106662.7181501,243678186.2274308,0.8704376292434556,4.98356214052665,3.384934983686547,2.6516587781331102,Aave Ethereum USDC,24271461.563932903,27058958.812813874,0.99999539,17645103,77,275463198.33525985
2023-07-06,246423351.53413463,213205404.4465271,246423351.53413463,0.8651996781928104,4.980656114237164,3.364592799660149,2.619883603741481,Aave Ethereum USDC,20788704.17061348,18828064.139149815,0.99989217,17638206,77,276890135.6448404
2023-07-05,244465946.12110072,210770229.6221648,244465946.12110072,0.8621660111210578,4.9789745298609915,3.352821709026935,2.6015842468980166,Aave Ethereum USDC,15597133.771571685,13604781.826924456,0.99992837,17631063,77,273727570.93787634
2023-07-04,242464208.783638,211051460.06845945,242464208.783638,0.8704437703495876,4.9835771002449585,3.3850397017147067,2.6518228467341944,Aave Ethereum USDC,38724753.85006851,31333975.909490045,0.99996257,17623783,77,274092805.2837136
2023-07-03,235065610.7065468,205517054.3898745,235065610.7065468,0.8742965581913194,4.985696147947337,3.3998730356313565,2.675114483804192,Aave Ethereum USDC,42005112.184473924,34373545.122031644,1.00002533,17616850,77,266905265.44139543
2023-07-02,227422346.8391255,202159484.4051908,227422346.8391255,0.8889165344344758,4.993821312228299,3.4567491855980896,2.765366598579365,Aave Ethereum USDC,29628519.56968348,26689108.071894348,1.00005,17609654,77,262544784.94180623
2023-07-01,224502834.02577928,198919632.98568052,224502834.02577928,0.8860450864635363,4.992230168656056,3.445611180592389,2.747574711524816,Aave Ethereum USDC,16764196.514521472,15991533.525184715,1.00021706,17602195,77,258337185.695689
2023-06-30,223687579.36177152,188208575.63921195,223687579.36177152,0.8413903721262095,4.967426456079082,3.271985192553577,2.4776481574956546,Aave Ethereum USDC,33237067.81044891,31855641.58307834,1.0000981,17595422,77,244426721.60936618
2023-06-29,222269610.517334,181047971.265425,222269610.517334,0.8145421717527404,4.952514455502588,3.167601188518113,2.322084229856029,Aave Ethereum USDC,55357935.411236934,48905538.62513228,1.0,17588370,77,235127235.40964285
2023-06-28,215776685.15415427,180787587.56017256,215776685.15415427,0.8378457914997399,4.9654638426560345,3.258246898592244,2.456885717220183,Aave Ethereum USDC,21439630.539411463,23628083.01938412,0.999883,17581143,77,234789074.75347087
2023-06-27,217962092.9598401,180297680.6639025,217962092.9598401,0.8271974186682207,4.959551657563661,3.2168616029456287,2.394868812494228,Aave Ethereum USDC,25699071.983650208,25345378.13067664,0.9999,17573947,77,234152832.0310422
2023-06-26,217563175.69040588,177950083.73908648,217563175.69040588,0.817923728013195,4.954378298709588,3.1806480909671144,2.341252298755408,Aave Ethereum USDC,69886912.43117131,61184748.70497988,0.99980957,17566957,77,231104004.85595647
2023-06-25,208883222.0576007,178631961.7854157,208883222.0576007,0.8551762081502025,4.975075619355017,3.325529335485128,2.559402212156985,Aave Ethereum USDC,51725190.262285426,41802875.06041241,0.99998938,17559907,77,231989560.76028016
2023-06-24,198906311.085092,177423469.9036638,198906311.085092,0.8919951756973773,4.9955326435152845,3.468728504606992,2.7845664929500495,Aave Ethereum USDC,30068277.338405512,28414294.316162176,0.9998,17552601,77,230420090.783979
2023-06-23,197269955.24964577,177610995.99481183,197269955.24964577,0.9003448891649238,5.1893946193791685,3.689394619379169,2.9894577689316417,Aave Ethereum USDC,47777274.51126415,48867177.538358726,0.99996703,17545426,77,230663631.1620933
2023-06-22,198325662.1792777,176467148.16673827,198325662.1792777,0.8897847420633831,4.994313257999116,3.4601928059938114,2.7708790703621644,Aave Ethereum USDC,69072925.48983897,74423238.33853325,0.999875,17538566,77,229178114.50225747
2023-06-21,203691895.99854207,179320768.95545298,203691895.99854207,0.880352986437597,4.989078351437402,3.4235484600618102,2.712501167799197,Aave Ethereum USDC,72140360.01907787,69215460.90021214,1.000032,17531463,77,232884115.52656233
2023-06-20,200875319.63625228,171112646.09178436,200875319.63625228,0.8518350905508821,4.973239124951419,3.3126738746599353,2.539652754823462,Aave Ethereum USDC,36519058.76888042,37942718.48583652,1.00021167,17524304,77,222224215.70361605
2023-06-19,202274178.67357245,165150890.58203572,202274178.67357245,0.8164704544347906,4.953574707284601,3.1750229509922123,2.3329783711014604,Aave Ethereum USDC,22386951.11438951,22323617.022630975,1.0002,17517180,74,223176879.16491315
2023-06-18,202202493.93367252,165062308.51679426,202202493.93367252,0.816321823265636,4.95349536038,3.174467522660001,2.332162194989352,Aave Ethereum USDC,21803815.490128525,17431107.894840874,1.00022279,17510023,74,223057173.6713436
2023-06-17,197781279.39497012,165026820.65719077,197781279.39497012,0.8343905002638365,4.963536143686984,3.244753005808887,2.436577678757629,Aave Ethereum USDC,9243417.130074224,9657815.946925385,1.00004534,17502952,74,223009217.10431185
2023-06-16,198224395.620792,164500526.24158207,198224395.620792,0.8298702373459398,4.961028387913468,3.227198715394273,2.4102849584001094,Aave Ethereum USDC,4863102.976976256,19943987.384159993,1.00025614,17495815,74,222298008.43457034
2023-06-15,213291303.89036056,163199023.75857008,213291303.89036056,0.765146167620881,4.925074848580268,2.9755239400618754,2.0490090289953966,Aave Ethereum USDC,79927487.25062224,74566978.45832382,1.000249,17488542,74,220539221.29536495
2023-06-14,207868342.544877,149406984.341387,207868342.544877,0.7187577603796562,4.89930600970483,2.7951420679338104,1.8081095816417063,Aave Ethereum USDC,24134598.521894805,23859797.389523845,1.00003438,17481561,74,201901330.19106352
2023-06-13,207576113.278833,150165889.509666,207576113.278833,0.7234256732996587,4.901901478410439,2.8133103488730744,1.8316912132719527,Aave Ethereum USDC,15312795.368874634,23491759.799197093,1.0,17474486,74,202926877.71576488
2023-06-12,215697318.95111325,146920914.88510108,215697318.95111325,0.6811439085082,4.878401969010907,2.6488137830763496,1.6237524887160995,Aave Ethereum USDC,18631269.120959546,8858948.647777038,0.99980468,17467090,74,198541776.87175822
2023-06-11,205926067.28903776,150581337.49526343,205926067.28903776,0.7312398060023528,4.906233830073129,2.8436368105119016,1.871393986051321,Aave Ethereum USDC,5912251.270443234,846465.6438310383,0.999859,17460024,74,203488293.91251814
2023-06-10,200905490.10659957,148954557.31924805,200905490.10659957,0.7414160620509348,4.911889270566922,2.8832248939684586,1.92386242550044,Aave Ethereum USDC,8847896.52827334,7523232.797121937,1.0001328,17453021,74,201289942.32330817
2023-06-09,199557910.0648494,150827897.52121517,199557910.0648494,0.7558101679467445,4.919888221809924,2.9392175526694664,1.999311387358695,Aave Ethereum USDC,38501484.82921666,21751288.145172466,1.00005,17446074,74,203821483.13677725
2023-06-08,182786594.57926,150774658.276428,182786594.57926,0.8248671551843428,4.958255341953278,3.207787393672948,2.38137684858164,Aave Ethereum USDC,9174080.739667332,7971614.619082308,1.0,17438726,74,203749538.2113892
2023-06-07,181568776.7232012,150520989.3438467,181568776.7232012,0.8290026074984997,4.960556030455055,3.223892213185383,2.4053484605177857,Aave Ethereum USDC,17938598.39777435,14206725.274876492,0.99997979,17431857,74,203406742.3565496
2023-06-06,177815361.49620253,149089190.7501247,177815361.49620253,0.8384494427007572,4.965802466025329,3.260617262177301,2.460461769608848,Aave Ethereum USDC,10139456.726272507,1773723.52398149,0.99994,17424810,74,201471879.3920604
2023-06-05,169904727.30049527,150258061.63967463,169904727.30049527,0.8843665742974101,4.99122858351132,3.438600084579239,2.736404611071818,Aave Ethereum USDC,4667314.144533633,7341506.43609927,0.99969895,17417697,74,203051434.64820898
2023-06-04,172605744.78638524,150305165.29036084,172605744.78638524,0.870800479302567,4.983698666758878,3.3858906673121454,2.653156298543744,Aave Ethereum USDC,2684722.6376068154,946522.4348693744,0.99988193,17410575,74,203115088.23021734
2023-06-03,170874153.5855281,145592981.57670584,170874153.5855281,0.8520480044621365,4.973285421357224,3.312997949500573,2.5401496813857007,Aave Ethereum USDC,2068973.3006968456,8529.9519761,0.99999437,17403424,74,196747272.40095386
2023-06-02,168768551.3303609,145065716.63989875,168768551.3303609,0.8595541971319982,4.9774576677376245,3.342203674163376,2.5851324496196706,Aave Ethereum USDC,3276661.8223250704,1158537.9203149602,0.99979708,17396401,74,196034752.21607938
2023-06-01,166650704.1277015,143786419.3290186,166650704.1277015,0.8628011509560597,4.979264347445847,3.354850432120929,2.6047335290687457,Aave Ethereum USDC,3271490.2759374054,608614.8539434185,0.99987375,17388918,74,194305972.06624135
2023-05-31,163948045.9421363,143307831.4665217,163948045.9421363,0.8741051510739,4.985545980543712,3.3988218638059804,2.673460557179229,Aave Ethereum USDC,3733997.9171231394,1151386.0827529985,0.9997,17382265,74,193659231.71151584
2023-05-30,161343467.327976,142975099.51030627,161343467.327976,0.8861536316166377,4.992241815228385,3.445692706598704,2.7477047328368798,Aave Ethereum USDC,1686913.8206573997,1720074.8162055493,0.99964208,17374883,74,193209593.9328463
2023-05-29,161390509.11557713,139613485.91744593,161390509.11557713,0.8650662711365764,4.980532005755795,3.3637240402905655,2.6185308370214964,Aave Ethereum USDC,1969511.9416970648,4604901.105405919,0.9998,17368054,74,188666872.86141342
2023-05-28,164052106.9392769,138266844.03373936,164052106.9392769,0.8428227263482704,4.9681806679411995,3.2772646755883894,2.4856501830360487,Aave Ethereum USDC,2743919.3648277186,2648207.0347683514,1.00003112,17360813,74,186847086.53208023
2023-05-27,163950070.45659655,130445912.42137717,163950070.45659655,0.7956441376212209,4.941976645518827,3.0938365186317887,2.215193647787409,Aave Ethereum USDC,5325865.072171679,4344558.252987904,1.00006,17353312,74,176278260.02888805
2023-05-26,162949477.642473,128127905.974154,162949477.642473,0.7863044903726484,4.936790992913346,3.0575369503934264,2.163517452699177,Aave Ethereum USDC,2388587.007783,3602292.896612946,1.0,17346467,74,173145818.8839919
2023-05-25,164153306.9889634,126897000.85237852,164153306.9889634,0.7730395639297736,4.929425440133544,3.005978080934809,2.091166405908291,Aave Ethereum USDC,2592224.169502601,1676197.5399401372,0.99999781,17339422,74,171482433.58429527
2023-05-24,163197057.55731425,126726741.20036706,163197057.55731425,0.7765258951183055,4.9313646304251835,3.0195524129762825,2.1100955392902345,Aave Ethereum USDC,293810.37967692415,308367.20101943915,0.99980821,17332322,74,171252352.973469
2023-05-23,163224561.67777067,125758823.96430844,163224561.67777067,0.7704650738323003,4.928000500852135,2.996003505964947,2.077311421794556,Aave Ethereum USDC,336110.2393511357,1733389.0010896756,0.99994404,17325305,74,169944356.7085249
2023-05-22,164592592.69902924,122623947.55516905,164592592.69902924,0.7450149824141649,4.913865611040132,2.8970592772809223,1.9423689969783893,Aave Ethereum USDC,19964399.03142145,14899503.342877656,0.99982217,17318087,74,165708037.23671493
2023-05-21,159531354.46048185,119748236.00091077,159531354.46048185,0.7506250818585891,5.416983875076637,3.335871000613092,2.2534271548781066,Aave Ethereum USDC,21932203.486358825,18908249.85905114,0.9999,17311042,74,161821940.54177132
2023-05-20,156491344.93771788,119748945.09249708,156491344.93771788,0.7652112974053362,5.425089109514247,3.400712876113976,2.3418817333178965,Aave Ethereum USDC,1420312.1361869427,260074.15664661897,0.99986,17303975,74,161822898.77364472
2023-05-19,155336679.51526573,119444369.60191654,155336679.51526573,0.7689386046788655,5.427162543194884,3.41730034555907,2.364783184481023,Aave Ethereum USDC,5168403.658298987,1056105.677936098,0.99996014,17296902,74,161411310.27286017
2023-05-18,151204813.71772787,119427071.088589,151204813.71772787,0.7898364354427089,5.438774334642312,3.510194677138497,2.495097000960816,Aave Ethereum USDC,7739726.709145894,9723503.671188932,0.9999,17289764,74,161387933.90349865
2023-05-17,153178537.61750317,121359634.45565341,153178537.61750317,0.7922757087464588,5.440133002801156,3.521064022409248,2.510573099605721,Aave Ethereum USDC,12649188.121304508,10688471.117560372,0.99990144,17282567,74,163999506.02115324
2023-05-16,151205584.440709,121386053.66132689,151205584.440709,0.8027881649366265,5.445976221208636,3.567809769669089,2.577676476890605,Aave Ethereum USDC,818871.7913189777,574970.6124583461,0.99989235,17275483,74,164035207.65044174
2023-05-15,150952213.01929897,121006146.2571738,150952213.01929897,0.8016188953897839,5.445330106348596,3.5626408507887675,2.570212990921055,Aave Ethereum USDC,886412.8960504819,1191552.7330292638,0.9999,17268432,74,163521819.2664511
2023-05-14,151266701.60932627,120168891.3539386,151266701.60932627,0.7944173441706726,5.441332833684348,3.53066266947478,2.5242797243386126,Aave Ethereum USDC,1161037.4182123428,62934.41781323876,1.00003149,17261305,74,162390393.72153863
2023-05-13,150155149.3776044,119979192.5617248,150155149.3776044,0.7990348187127817,5.443901314374241,3.551210514993927,2.553746964665195,Aave Ethereum USDC,1339619.6092115056,3344720.0367411585,1.00001,17254430,74,162134044.0023308
2023-05-12,152127493.731687,120510834.4143122,152127493.731687,0.792169984913192,5.4400910570378285,3.5207284563026344,2.5100945947613744,Aave Ethereum USDC,1157112.2804465373,2424568.686695993,0.99986496,17247340,74,162852478.93825972
2023-05-11,153411169.37911507,120367450.91823848,153411169.37911507,0.7846068275562271,5.435892647696262,3.487141181570093,2.4624311080909185,Aave Ethereum USDC,5751278.9984815875,1985890.2813464704,1.00003985,17240435,74,162658717.45707902
2023-05-10,149596311.75436762,119669293.9892034,149596311.75436762,0.7999481577172609,5.444395595535808,3.5551647642864608,2.559437291497862,Aave Ethereum USDC,8009188.647255757,1541571.4978860389,0.999833,17233247,74,161715262.14757216
2023-05-09,143188986.29503444,119501291.24526912,143188986.29503444,0.8345704117147816,5.463632091896535,3.7090567351722776,2.7858131276071845,Aave Ethereum USDC,7553246.382477528,3310520.168392356,1.00030296,17226256,74,161488231.41252583
2023-05-08,138952018.22825104,119168925.384351,138952018.22825104,0.8576264447530144,5.476444164638062,3.811553317104498,2.9419075845488876,Aave Ethereum USDC,734754.3731134532,7541311.973095066,1.000196,17219163,74,161039088.35723108
2023-05-07,145726212.6200682,110773496.62786356,145726212.6200682,0.7601480518585081,5.42229504845377,3.378360387630164,2.3111970790134984,Aave Ethereum USDC,3961967.2686629808,1999879.0,1.00004143,17211558,74,149693914.3619778
2023-05-06,143739469.30062908,112639604.50273952,143739469.30062908,0.7836372643560787,5.435347620126484,3.482780961011869,2.456277052533318,Aave Ethereum USDC,7250343.9421099555,2519459.707878194,0.9999395,17204005,74,152215681.7604588
2023-05-05,139022758.0842284,113877306.4994617,139022758.0842284,0.819127084433672,5.45506692287544,3.640535383003515,2.6838333196673614,Aave Ethereum USDC,2805168.2593484083,799757.0754644606,1.00010557,17197653,74,153888252.0262996
2023-05-04,137004738.8366412,113217522.15410753,137004738.8366412,0.8263766867882095,5.459071410078357,3.672571280626854,2.7312754117852465,Aave Ethereum USDC,931152.1271670064,727048.5850651595,0.99993,17190684,74,152996651.55960476
2023-05-03,136802712.67681688,115012765.82410567,136802712.67681688,0.8407199212183178,5.467043458939277,3.7363476715142183,2.8269595192920196,Aave Ethereum USDC,1388874.6090001303,339558.4660573084,1.0000143,17183186,74,155422656.51906168
2023-05-02,135794960.94870886,113486545.2664061,135794960.94870886,0.8357198564184656,5.464269806089763,3.7141584487181007,2.793482028892269,Aave Ethereum USDC,3271628.5707288585,816015.5914790771,1.000402,17175740,74,153360196.3059542
2023-05-01,133275118.735043,114808481.546122,133275118.735043,0.8614397243521987,5.478561572361334,3.828492578890675,2.968114473890747,Aave Ethereum USDC,9374961.55343555,5200731.026817705,1.0,17169166,74,155146596.68394864
2023-04-30,129094605.32646872,111591387.58804166,129094605.32646872,0.8644155757387151,5.480218673814523,3.8417493905161866,2.988705271855127,Aave Ethereum USDC,1295899.8026757992,16954011.63857294,1.00003367,17162232,74,150799172.41627252
2023-04-29,144759634.98578554,111793491.34929185,144759634.98578554,0.7722697792120659,5.429032276008764,3.432258208070111,2.3855302723900915,Aave Ethereum USDC,3023904.009195939,13768.159266256553,1.00013242,17155144,74,151072285.60715115
2023-04-28,141819447.66291428,111569187.8865971,141819447.66291428,0.7866987900825988,5.437051501968255,3.4964120157460385,2.4755416392302885,Aave Ethereum USDC,15104186.474919531,10929079.225682992,0.99999,17147834,74,150769172.8197258
2023-04-27,137621681.80640408,112292572.75717126,137621681.80640408,0.8159511734142013,5.453280501863033,3.626244014904264,2.6628032452648718,Aave Ethereum USDC,13186322.448665433,1859318.6712304987,0.9999515,17140885,74,151746719.94212332
2023-04-26,126306458.70774671,108024818.87874185,126306458.70774671,0.85525965959266,5.475119092414808,3.8009527393184626,2.925566449622836,Aave Ethereum USDC,855566.537988978,4025666.270840061,1.00012638,17133809,74,145979484.97127277
2023-04-25,129436755.72173081,109940537.86427024,129436755.72173081,0.8493764947309522,5.471855670212552,3.774845361700415,2.885515144712105,Aave Ethereum USDC,6207020.8796885,3690962.182876885,0.9999,17126556,74,148568294.411176
2023-04-24,126924733.7913464,108394892.22014782,126924733.7913464,0.8540092146132835,5.474433014505126,3.795464116041008,2.917123440871377,Aave Ethereum USDC,1033931.701130441,4449013.023914814,1.00001134,17119533,74,146479584.08128083
2023-04-23,130358712.54360916,109231577.70222472,130358712.54360916,0.8379307801592721,5.465505480000293,3.724043840002343,2.808371760757528,Aave Ethereum USDC,4880828.25713915,498577.3799349409,1.00005624,17112176,74,147610240.1381415
2023-04-22,125985223.75675309,108939532.02309968,125985223.75675309,0.8647008655033664,5.480381101641651,3.843048813133211,2.990727396475228,Aave Ethereum USDC,2435247.1706340425,16154660.146875884,1.0002,17105273,74,147215583.81499955
2023-04-21,139670131.53857523,108195954.73552428,139670131.53857523,0.7746534892153505,5.4303596792510245,3.442877434008196,2.400314517684579,Aave Ethereum USDC,3333013.310729918,1592647.354107584,1.0000202,17098132,74,146210749.6426004
2023-04-20,137911453.915896,108927958.440795,137911453.915896,0.789839823653978,5.438781788501341,3.510254308010726,2.4951817746488416,Aave Ethereum USDC,2370355.139748052,5761593.754884438,1.0,17091029,74,147199943.8389122
2023-04-19,141296004.07432085,109032826.90906024,141296004.07432085,0.7716624940908424,5.42868712335723,3.429496986857841,2.3816935405305704,Aave Ethereum USDC,6656155.111829653,6615637.830700553,1.00001625,17084007,74,147341657.98521653
2023-04-18,141230893.6201408,95194862.57806835,141230893.6201408,0.6740371043329059,5.374455081279804,2.995640650238435,1.8172072383355928,Aave Ethereum USDC,11364986.561261691,16700965.959132103,0.9999,17076934,74,128641706.18657884
2023-04-17,146544985.214948,92495411.35087924,146544985.214948,0.6311741832394308,5.350645124647829,2.805160997182633,1.5934579645732196,Aave Ethereum USDC,25070459.640263613,5072894.223661078,0.9998,17069804,74,124993799.12280978
2023-04-16,126543070.589606,88756946.35805055,126543070.589606,0.7013971286179687,5.38965813047446,3.117265043795689,1.967761624037284,Aave Ethereum USDC,14235462.8247253,15334139.292371405,0.999818,17062451,74,119941819.40277103
2023-04-15,127648502.85619263,87791056.12416646,127648502.85619263,0.6877562537734646,5.3820821911159,3.056657528927193,1.891988937952328,Aave Ethereum USDC,4967886.266982465,2017151.8179915503,0.99992126,17055762,74,118636562.32995468
2023-04-14,124691931.66611212,91704283.99933662,124691931.66611212,0.7354468149943604,5.408579035635322,3.2686322850825795,2.1635012955545436,Aave Ethereum USDC,5675030.411608984,2416869.6718638567,0.99993,17048704,74,123924708.10721165
2023-04-13,121416405.2551098,86363201.0957097,121416405.2551098,0.7112976283085527,5.395150433310459,3.1612034664836695,2.023624489692945,Aave Ethereum USDC,15516487.89910684,15526503.666095354,0.99987,17041720,74,116707028.5077158
2023-04-12,121415736.63674843,83130879.06442176,121415736.63674843,0.6846796088148992,5.3803655745131085,3.042924596104875,1.875026494759953,Aave Ethereum USDC,3708311.3982103686,3230958.322414986,0.99973939,17035086,74,112339025.76273209
2023-04-11,120939521.51070929,79441467.39950374,120939521.51070929,0.6568693707992647,5.364917907649755,2.9193432611980397,1.725819428032237,Aave Ethereum USDC,2419838.454129273,485354.0174824592,0.9998,17028047,74,107353334.3236537
2023-04-10,118999406.40036048,77741494.92139088,118999406.40036048,0.6532931320668787,5.362932914334536,2.9034633146762863,1.7070950919833787,Aave Ethereum USDC,5265104.455051881,1966693.2696873064,0.9998,17021077,74,105056074.21809576
2023-04-09,115708274.77545518,77994922.56873825,115708274.77545518,0.6740652102893775,5.374474508779406,2.99579607023525,1.8173958041234857,Aave Ethereum USDC,169300.9775755113,85025.61736418541,0.9999129,17014090,74,105398544.01180844
2023-04-08,115628925.87937444,78116158.59976688,115628925.87937444,0.6755762712978814,5.375316052272328,3.002528418178621,1.825573322648968,Aave Ethereum USDC,2366740.6067070775,7594883.6685686335,1.00000445,17007071,74,105562376.48617145
2023-04-07,120823018.15284853,77337104.5801411,120823018.15284853,0.6400858525343648,5.355601398732925,2.8448111898633957,1.6388225179593277,Aave Ethereum USDC,11241536.308102775,101491.86307695085,0.99976136,16999779,74,104509600.78397445
2023-04-06,109667689.19756553,77144917.83831407,109667689.19756553,0.7034425399384324,5.390787548300589,3.1263003864047194,1.9791852064719453,Aave Ethereum USDC,7522955.632668064,7131120.644192617,0.99971031,16992908,74,104249888.97069469
2023-04-05,109295135.93722533,75958305.21887514,109295135.93722533,0.6949834003820856,5.386090512457515,3.0887240996601206,1.9318938541737976,Aave Ethereum USDC,712293.8142824689,4697278.907901999,0.99994849,16985837,74,102646358.40388533
2023-04-04,113274809.71485832,72965231.72259371,113274809.71485832,0.6441434940942815,5.357849288327197,2.862794306617572,1.6596072265054018,Aave Ethereum USDC,564198.3206327234,1801559.4981805345,0.9997,16978568,74,98601664.4899915
2023-04-03,114508270.82762969,73913172.15020019,114508270.82762969,0.6454832617415238,5.358595376798968,2.868763014391744,1.666534749630256,Aave Ethereum USDC,1800821.509355514,1792010.133909092,0.9997,16971824,74,99882665.0678381
2023-04-02,114498651.58890824,70274545.669528,114498651.58890824,0.6137587185029842,5.340972628743028,2.7277810299442233,1.5067598428330224,Aave Ethereum USDC,684552.7079802455,397332.1523884969,0.99973724,16964787,74,94965602.25611891
2023-04-01,114230907.93178834,70600025.07973114,114230907.93178834,0.6180466071572251,5.343356334301709,2.746850674413676,1.52790069707419,Aave Ethereum USDC,221954.81118312693,1519570.638001941,0.99994727,16957706,74,95405439.29693398
2023-03-31,115513117.77632424,65928138.63411245,115513117.77632424,0.570741573799207,5.317077353202014,2.5366188256161104,1.302973100960186,Aave Ethereum USDC,2939112.4036454805,863010.762299131,0.999852,16950544,74,89092079.23528709
2023-03-30,113454746.75185987,65869499.3502941,113454746.75185987,0.5805794930234093,5.322534467182847,2.5802757374627774,1.3482091334711637,Aave Ethereum USDC,5826791.271317826,9859683.02433179,0.9999,16943434,74,89012836.95985688
2023-03-29,117488008.65935722,65137601.94614748,117488008.65935722,0.5544191504258648,5.308002909654693,2.464023277237542,1.2294606689306087,Aave Ethereum USDC,15868502.023599597,1416897.9634682164,0.999939,16936122,74,88023786.41371281
2023-03-28,103017881.59445952,64521093.61331032,103017881.59445952,0.6263096524087365,5.347941409433034,2.783531275464272,1.5689793882012701,Aave Ethereum USDC,6853411.558718538,3270364.604536251,0.9998,16929229,74,87190667.04501395
2023-03-27,99380453.84238656,64755971.78520533,99380453.84238656,0.6515966599217358,5.361991013201734,2.895928105613868,1.6982459175590756,Aave Ethereum USDC,2037760.4050017064,293578.5648571469,0.9993,16921856,74,87508069.9800072
2023-03-26,97681189.73432693,64328892.95751504,97681189.73432693,0.6585596790177987,5.365861002433516,2.926888019468128,1.7347513793974771,Aave Ethereum USDC,355462.830484962,2753170.45212858,0.9998,16915011,74,86930936.42907438
2023-03-25,100077512.3363276,64308932.91543632,100077512.3363276,0.6425912416699083,5.35699181719727,2.855934537578159,1.6516633217936836,Aave Ethereum USDC,263236.6756290461,3543829.6359429806,0.999835,16907546,74,86903963.39923827
2023-03-24,103320499.82418741,61747288.00253346,103320499.82418741,0.5976286226605958,5.332014386007732,2.6561150880618496,1.4286268406085363,Aave Ethereum USDC,10619753.40796434,3920672.912914985,0.9995,16900618,74,83442281.08450468
2023-03-23,96583977.84963287,62135475.96633848,96583977.84963287,0.6433310922757223,5.357394262083527,2.8591540966682163,1.6553893350701656,Aave Ethereum USDC,4735458.938363559,3656871.9318016097,0.9992,16893611,74,83966859.41397092
2023-03-22,95443421.35424729,63853683.605092846,95443421.35424729,0.6690213185893019,5.371667889911476,2.9733431192918034,1.790255784270582,Aave Ethereum USDC,1490247.4859081695,4562945.885805763,0.9986,16886440,74,86288761.62850384
2023-03-21,98589781.15863441,63922237.28886177,98589781.15863441,0.6483657488397163,5.360195073292875,2.881560586343001,1.681436761084998,Aave Ethereum USDC,819336.6368829653,5895953.572599267,0.9994,16879420,74,86381401.74170509
2023-03-20,103702442.7545076,61856140.46082527,103702442.7545076,0.596477178529496,5.331370679925765,2.650965439406124,1.4230925965874552,Aave Ethereum USDC,5281862.310805879,3053636.4359297142,0.9998,16872262,74,83589379.00111523
2023-03-19,101449890.81805384,60173449.24438972,101449890.81805384,0.5931346870772713,5.32951510184634,2.6361208147707225,1.40719942238866,Aave Ethereum USDC,252722.1958909668,885046.8727697481,0.9996,16865085,74,81315471.951878
2023-03-18,102108673.22770835,59520279.216831,102108673.22770835,0.582911101822832,5.323836824810246,2.590694598481966,1.359118946777236,Aave Ethereum USDC,4321527.803091249,1302932.8503633675,0.9999,16857814,74,80432809.75247432
2023-03-17,99090335.6665844,59469530.00469456,99090335.6665844,0.6001546932366393,5.333417836630538,2.667342693044309,1.440730201032716,Aave Ethereum USDC,13379564.877328267,9284515.586359644,0.99994,16850900,74,80364229.73607372
2023-03-16,94991712.04966936,54579013.52616408,94991712.04966936,0.5745660579064599,5.319203361124818,2.553626888998545,1.3205045833638187,Aave Ethereum USDC,17881958.986658733,2248711.3403369966,0.99990956,16843802,74,73755423.68400551
2023-03-15,79295800.74239343,49502546.47730685,79295800.74239343,0.6242770236739862,5.346814369797006,2.774514958376047,1.5588314839861188,Aave Ethereum USDC,13456145.023795905,13811487.004496256,0.9993,16836561,74,66895333.07744169
2023-03-14,79587565.6755887,42411306.01668586,79587565.6755887,0.5328885945520804,5.296045100517595,2.36836080414076,1.1358494119645284,Aave Ethereum USDC,5255673.320721647,13047139.004587073,0.99852418,16829593,74,57312575.69822413
2023-03-13,87420021.37727869,38804089.61171812,87420021.37727869,0.4438810354924447,5.246598114442855,1.9727849155428403,0.7881057654061578,Aave Ethereum USDC,40474431.173485406,57292654.698430136,0.99887418,16822478,74,52437958.934754215
2023-03-12,103446318.5572552,29336294.862438954,103446318.5572552,0.2835895493584141,5.157548695629649,1.2603895650371897,0.3216878257700638,Aave Ethereum USDC,32784088.93335005,16107994.54724712,0.99082058,16815366,74,39643641.705998585
2023-03-11,84434541.81400447,28345935.287738435,84434541.81400447,0.335714918074405,5.18650705978353,1.4920564782682353,0.4508120882042973,Aave Ethereum USDC,65504364.64306141,40262106.58725881,0.9691,16808207,74,38305317.956403285
2023-03-10,59484356.02873791,41773675.256376125,59484356.02873791,0.7022632175120893,5.390144117575456,3.121152940603652,1.9726731249243608,Aave Ethereum USDC,6455538.727451669,12697414.13833392,0.99755917,16801131,74,56450912.50861639
2023-03-09,65869395.743591,42442113.676507,65869395.743591,0.6443373769773281,5.357952083974417,2.8636166717953366,1.6605608397043012,Aave Ethereum USDC,3730187.542452472,291388.7389287511,1.0,16794017,74,57354207.670955405
2023-03-08,62425246.31461856,42876464.082841806,62425246.31461856,0.6868449323651468,5.381567848719602,3.052542789756815,1.886898540367504,Aave Ethereum USDC,4073606.8642788334,2248525.3478338285,0.99996381,16786945,74,57941167.67951596
2023-03-07,60598938.04708552,41084927.277202785,60598938.04708552,0.6779809779055813,5.376645400255527,3.013163202044216,1.8385283776360537,Aave Ethereum USDC,316208.724346041,357196.1273709279,0.99999517,16779755,74,55520171.99621998
2023-03-06,60636183.20742933,40429938.12085181,60636183.20742933,0.6667625827065283,5.370415202506291,2.9633216200503303,1.778208192331187,Aave Ethereum USDC,2232510.6644052416,55118.59473007677,0.99998374,16772619,74,54635051.514664605
2023-03-05,58456744.195317,40661693.309487,58456744.195317,0.6955860075550432,5.386429729932776,3.0914378394622055,1.9352900528398969,Aave Ethereum USDC,1043202.2265839,1107793.4263857931,1.0,16765502,74,54948234.20200946
2023-03-04,58518150.522727534,40615389.81180015,58518150.522727534,0.6940648234606417,5.38558688784074,3.0846951027259166,1.926857135048204,Aave Ethereum USDC,1727697.855847634,1024267.6314022832,0.99999779,16758463,74,54885661.90783804
2023-03-03,57795388.02368609,41297733.341038816,57795388.02368609,0.7145506718306642,5.396970175735709,3.175761405885673,2.042305752690372,Aave Ethereum USDC,2832661.9730686406,1711912.0191761868,0.99971826,16751260,74,55807747.75816057
2023-03-02,56681198.91619997,41258535.97752918,56681198.91619997,0.7279051390308038,5.404375327935789,3.235002623486313,2.1192114997275735,Aave Ethereum USDC,3326752.8746112282,644912.4727536016,0.99993187,16744243,74,55754778.34801241
2023-03-01,53994297.066624366,40581353.74644023,53994297.066624366,0.7515859257574239,5.417532815326105,3.3402625226088363,2.2593641282888925,Aave Ethereum USDC,1941089.651185734,769826.4898572685,0.9999,16737030,74,54839667.22491924
2023-02-28,52817710.7205277,39818144.18969359,52817710.7205277,0.7538786449943237,5.418809061025927,3.350472488207412,2.2731973435825403,Aave Ethereum USDC,1665791.8050225107,1205562.3716025343,0.99986129,16730058,74,53808302.959045395
2023-02-27,52359158.02604405,37080232.48748923,52359158.02604405,0.7081900069715615,5.393429803226554,3.147438425812436,2.0060396504668345,Aave Ethereum USDC,1203254.8404821707,923103.8741875264,0.99995322,16722623,74,50108422.28039085
2023-02-26,52076029.26453669,36841439.55539226,52076029.26453669,0.7074548516025385,5.393023830693634,3.1441906455490765,2.0019018001505597,Aave Ethereum USDC,910248.731393665,223698.70300299049,0.99995298,16715229,74,49785729.128908455
2023-02-25,51384177.70507133,34821878.72967142,51384177.70507133,0.6776770649038663,5.376482894909137,3.0118631592730924,1.8369422372627648,Aave Ethereum USDC,2368068.9012841485,167484.45,0.9999,16708668,74,47056592.87793435
2023-02-24,49181419.6205478,34431218.231550194,49181419.6205478,0.7000858962022513,5.388934259720729,3.1114740777658394,1.960457364663278,Aave Ethereum USDC,2722809.003146528,680399.4047686174,0.99991,16701296,74,46528673.28587864
2023-02-23,47138417.35437856,34445308.18214794,47138417.35437856,0.7307268702551892,5.405943542259773,3.24754833807818,2.135680467151256,Aave Ethereum USDC,2808686.0330369608,2031863.014555936,0.99999508,16694468,74,46547713.75965938
2023-02-22,46354278.31148671,33187729.3301232,46354278.31148671,0.7159582791282331,5.397741339701968,3.181930717615745,2.0502483260705966,Aave Ethereum USDC,4278095.316652315,1807826.3193696437,0.999895,16687318,74,44848282.87854487
2023-02-21,43884859.473359525,32880307.426165488,43884859.473359525,0.749240348966495,5.416232777848899,3.3298622227911956,2.2453164406113135,Aave Ethereum USDC,2112113.6494503296,3422359.9939122335,0.99997236,16680188,74,44432847.8731966
2023-02-20,45191061.46407357,32340494.04938827,45191061.46407357,0.7156391773425952,5.397568848489292,3.180550787914336,2.0484704211867566,Aave Ethereum USDC,3359025.3427630374,2923890.218192014,0.99994,16673160,74,43703370.33701117
2023-02-19,44755968.165714,30611864.799103,44755968.165714,0.6839727985720057,5.379979081758668,3.0398326540693463,1.8712179693611235,Aave Ethereum USDC,1793794.0868244232,761532.0143124852,1.0,16665974,74,41367384.8636527
2023-02-18,43719015.78162633,27195218.615428463,43719015.78162633,0.6220455362322618,5.345577342726922,2.764618741815378,1.547731149488361,Aave Ethereum USDC,6234717.5050266255,1510087.5703478153,0.99994231,16658372,74,36750295.42625468
2023-02-17,38994259.545140654,27049491.643748835,38994259.545140654,0.6936788121963368,5.385374838849343,3.0829987107947465,1.9247384127793188,Aave Ethereum USDC,3047635.225647622,655984.4459855251,0.99998844,16651823,74,36553367.08614708
2023-02-16,36600260.529054016,25701688.285112415,36600260.529054016,0.702226921710295,5.390126009910871,3.1210080792869666,1.97249001477234,Aave Ethereum USDC,1260224.3943160975,1334775.5786513505,0.99998,16644717,74,34732011.19609786
2023-02-15,36669663.69142875,25234289.451044887,36669663.69142875,0.6881516466414501,5.382297806126373,3.0583824490109826,1.894124898894729,Aave Ethereum USDC,4226973.482197175,3662439.2421722114,0.99992048,16637532,74,34100391.15006065
2023-02-14,36104635.33159638,23664388.49248171,36104635.33159638,0.6554390668993187,5.364126461595329,2.9130116927626304,1.718341517239791,Aave Ethereum USDC,2574617.3721995167,509702.4307477828,0.99996156,16630152,74,31978903.368218523
2023-02-13,34046280.59439576,18915190.01741685,34046280.59439576,0.5555728757205394,5.308647426678964,2.469179413431708,1.234611512582278,Aave Ethereum USDC,5867492.827794049,838947.6341804967,1.00020042,16623227,74,25561067.59110385
2023-02-12,29010721.201273,17629989.557374,29010721.201273,0.6077060075500774,5.337610669772602,2.700885358180813,1.477193297902189,Aave Ethereum USDC,504487.672255,1324980.877976,1.0,16615642,74,23824310.21266757
2023-02-11,29830108.399002,17336969.790874,29830108.399002,0.5811903047410323,5.32288131820146,2.5830505456116755,1.3511103995399165,Aave Ethereum USDC,319794.427868,31508.00017,1.0,16608768,74,23428337.555235136
2023-02-10,29540835.565023,15244420.381721,29540835.565023,0.5160456733922154,5.286691145917771,2.2935291673421654,1.0652058983934725,Aave Ethereum USDC,3521111.242953,1302012.136415,1.0,16601799,74,20600568.083406754
2023-02-09,27321044.838024,14224495.443353,27321044.838024,0.5206424398365648,5.2892457910961195,2.3139663287689505,1.0842741345619822,Aave Ethereum USDC,3812108.62549398,169627.4429299441,1.0,16594595,74,19222291.139666215
2023-02-08,23680918.815028105,15594572.240357576,23680918.815028105,0.6585290191722264,5.365835512723561,2.9266841017884886,1.7345096659114518,Aave Ethereum USDC,2568042.8729610927,567871.033742,1.00018347,16586771,74,21073746.27075348
2023-02-07,21675367.294274,15221152.624068,21675367.294274,0.7022327426990815,5.390115174421414,3.120921395371312,1.9723804471074995,Aave Ethereum USDC,739461.6066498229,1350.0104015918,1.0,16580102,74,20569125.167659458
2023-02-06,20934038.61561112,13994989.662837824,20934038.61561112,0.6685279376718717,5.371392568125487,2.9711405450038986,1.787604417978628,Aave Ethereum USDC,2930459.487940801,376238.4763935996,0.9999,16573035,74,18912148.193024088
2023-02-05,18391424.98764376,14592456.859415816,18391424.98764376,0.7934380761262235,5.440785849771373,3.526286798170988,2.5180264630483866,Aave Ethereum USDC,1038354.0369165946,302392.9376531878,1.00003298,16565986,74,19719536.296507858
2023-02-04,17658500.125180956,12135057.89597996,17658500.125180956,0.6872077362151167,5.381772748857658,3.054181990861264,1.888925595743508,Aave Ethereum USDC,1768546.177378409,113051.0681968376,0.99998,16558185,74,16398726.886459405
2023-02-03,16072088.352316,10744367.058506,16072088.352316,0.6685109503493819,5.371387023397381,2.9710961871790547,1.787551042077658,Aave Ethereum USDC,460361.1225306269,216319.65417913068,1.0,16551634,74,14519414.94392703
2023-02-02,15827084.552699748,10468398.068009468,15827084.552699748,0.6614230203391309,5.367451318559538,2.9396105484763,1.749865310784409,Aave Ethereum USDC,1973517.3520262868,488625.4662574744,0.99999,16544230,74,14146483.87568847
2023-02-01,14341624.542431,9309806.976432,14341624.542431,0.6491459143201029,5.36063222747886,2.885057819830877,1.6855206213128775,Aave Ethereum USDC,1777302.9504842048,514346.1129360543,1.0,16537335,74,12580820.23842162
2023-01-31,13082039.780735968,8971616.13860813,13082039.780735968,0.6857964269317798,5.380995045138363,3.047960361106904,1.8812376284829833,Aave Ethereum USDC,3056301.6569497865,563779.3371402938,1.0002872,16530243,74,12123805.592713688
2023-01-30,10585120.952666271,6572141.689178834,10585120.952666271,0.6208848929140849,5.344934652926764,2.75947722341411,1.5419796956746024,Aave Ethereum USDC,5311444.778683592,2944919.2459210814,0.99994455,16522992,74,8881272.55294437
2023-01-29,8220224.500093635,4257480.041113138,8220224.500093635,0.5179274654925351,5.287736272911625,2.301890183292997,1.0729864292279847,Aave Ethereum USDC,3378685.358374789,567820.0310679625,1.00020182,16515718,74,5753351.4069096465
2023-01-28,5408274.900849724,2462500.3066790164,5408274.900849724,0.4553208466330214,5.252955307117148,2.0236424569371807,0.8292635806875471,Aave Ethereum USDC,5817729.851522368,1208102.4381813034,1.00003,16508724,74,3327703.117133806
2023-01-27,798408.6326130453,693408.5213470148,798408.6326130453,0.8684882565430382,5.482491895607413,3.8599351648593,3.0170676440757718,Aave Ethereum USDC,802410.1450574563,4025.045964467924,0.99995424,16501363,74,937038.5423608308
